:020000040800F2
:1000000000500020C995000811960008F955000815
:100010001196000807560008155600080000000059
:100020000000000000000000000000006157000810
:100030001196000800000000F15700081532000872
:1000400011960008119600081196000811960008F4
:100050001196000811960008053300080B330008BC
:1000600011330008173300081D33000811960008EB
:1000700011960008119600081196000811960008C4
:1000800011960008119600081196000811960008B4
:1000900011960008119600081196000823330008F5
:1000A0001196000805300008119600081930000864
:1000B0001D30000831300008453000085187000825
:1000C0005D87000869870008758700081196000899
:1000D00011960008413E0008593E0008753E000890
:1000E000393300081196000811960008000000003E
:1000F0000000000000000000000000000000000000
:0C01000000000000000000005FF808F1A3
:1001100080F0004002E000BF81F0004142001FBFBC
:100120005FEA410392EA030F7FEA226C7FEA236CC5
:100130006AD04FEA1262D2EB1363C1BFD2184140BA
:1001400048404140B8BF5B42192B88BF704710F050
:10015000004F40F4000020F07F4018BF404211F0F3
:10016000004F41F4000121F07F4118BF494292EA5B
:10017000030F3FD0A2F1010241FA03FC10EB0C0087
:10018000C3F1200301FA03F100F0004302D5494214
:1001900060EB4000B0F5000F13D3B0F1807F06D3C1
:1001A00040084FEA310102F10102FE2A51D2B1F1B9
:1001B000004F40EBC25008BF20F0010040EA0300AE
:1001C0007047490040EB0000013A28BFB0F5000F2E
:1001D000EDD2B0FA80FCACF1080CB2EB0C0200FAE4
:1001E0000CF0AABF00EBC25052421843BCBFD04033
:1001F0001843704792F0000F81F4000106BF80F4AD
:1002000000000132013BB5E74FEA41037FEA226C6F
:1002100018BF7FEA236C21D092EA030F04D092F03A
:10022000000F08BF0846704790EA010F1CBF00206E
:10023000704712F07F4F04D1400028BF40F00040CB
:10024000704712F100723CBF00F50000704700F0EB
:10025000004343F0FE4040F4000070477FEA226212
:1002600016BF08467FEA23630146420206BF5FEAE3
:10027000412390EA010F40F4800070474FF00003E3
:1002800004E000BF10F0004348BF40425FEA000CAA
:1002900008BF704743F0964301464FF000001CE052
:1002A00050EA010208BF70474FF000030AE000BFA8
:1002B00050EA010208BF704711F0004302D54042E6
:1002C00061EB41015FEA010C02BF84460146002058
:1002D00043F0B64308BFA3F18053A3F50003BCFA73
:1002E0008CF2083AA3EBC25310DB01FA02FC634420
:1002F00000FA02FCC2F12002BCF1004F20FA02F227
:1003000043EB020008BF20F00100704702F1200219
:1003100001FA02FCC2F1200250EA4C0021FA02F27A
:1003200043EB020008BF20EADC7070474FF0FF0C7F
:100330001CEAD0521EBF1CEAD15392EA0C0F93EA7A
:100340000C0F6FD01A4480EA010C400218BF5FEA1C
:1003500041211ED04FF0006343EA501043EA51118F
:10036000A0FB01310CF00040B1F5000F3EBF490089
:1003700041EAD3715B0040EA010062F17F02FD2A8D
:100380001DD8B3F1004F40EBC25008BF20F0010070
:10039000704790F0000F0CF0004C08BF49024CEA87
:1003A000502040EA51207F3AC2BFD2F1FF0340EA19
:1003B000C250704740F400004FF00003013A5DDC8A
:1003C00012F1190FDCBF00F000407047C2F10002CB
:1003D000410021FA02F1C2F1200200FA02FC5FEAB8
:1003E000310040F1000053EA4C0308BF20EADC7002
:1003F000704792F0000F00F0004C02BF400010F474
:10040000000F013AF9D040EA0C0093F0000F01F020
:10041000004C02BF490011F4000F013BF9D041EA42
:100420000C018FE70CEAD15392EA0C0F18BF93EA44
:100430000C0F0AD030F0004C18BF31F0004CD8D16E
:1004400080EA010000F00040704790F0000F17BFF5
:1004500090F0004F084691F0000F91F0004F14D03B
:1004600092EA0C0F01D142020FD193EA0C0F03D193
:100470004B0218BF084608D180EA010000F0004096
:1004800040F0FE4040F40000704740F0FE4040F471
:10049000400070474FF0FF0C1CEAD0521EBF1CEA10
:1004A000D15392EA0C0F93EA0C0F69D0A2EB03022E
:1004B00080EA010C49024FEA402037D04FF08053C8
:1004C00043EA111143EA10130CF000408B4238BF8D
:1004D0005B0042F17D024FF4000C8B4224BF5B1A9B
:1004E00040EA0C00B3EB510F24BFA3EB510340EAE9
:1004F0005C00B3EB910F24BFA3EB910340EA9C0097
:10050000B3EBD10F24BFA3EBD10340EADC001B0106
:1005100018BF5FEA1C1CE0D1FD2A3FF650AF8B42AA
:1005200040EBC25008BF20F0010070470CF0004CB7
:100530004CEA50207F32C2BFD2F1FF0340EAC250E2
:10054000704740F400004FF00003013A37E792F0A3
:10055000000F00F0004C02BF400010F4000F013A01
:10056000F9D040EA0C0093F0000F01F0004C02BFFC
:10057000490011F4000F013BF9D041EA0C0195E765
:100580000CEAD15392EA0C0F08D142027FF47DAFFE
:1005900093EA0C0F7FF470AF084676E793EA0C0FEE
:1005A00004D14B023FF44CAF08466EE730F0004CEC
:1005B00018BF31F0004CCAD130F000427FF45CAF7C
:1005C00031F000437FF43CAF5FE700BF4FF0FF3CEA
:1005D00006E000BF4FF0010C02E000BF4FF0010C3D
:1005E0004DF804CD4FEA40024FEA41037FEA226C06
:1005F00018BF7FEA236C11D001B052EA530C18BF28
:1006000090EA010F58BFB2EB030088BFC81738BF8C
:100610006FEAE17018BF40F0010070477FEA226C7A
:1006200002D15FEA402C05D17FEA236CE4D15FEA76
:10063000412CE1D05DF8040B704700BF84460846AA
:100640006146FFE70FB5FFF7C9FF002848BF10F16B
:10065000000F0FBD4DF808EDFFF7F4FF0CBF0120B0
:1006600000205DF808FB00BF4DF808EDFFF7EAFF3A
:1006700034BF012000205DF808FB00BF4DF808EDF5
:10068000FFF7E0FF94BF012000205DF808FB00BFEA
:100690004DF808EDFFF7D2FF94BF012000205DF870
:1006A00008FB00BF4DF808EDFFF7C8FF34BF01207D
:1006B00000205DF808FB00BF42000ED2B2F1FE4FF1
:1006C0000BD34FF09E03B3EB126209D44FEA002321
:1006D00043F0004323FA02F070474FF000007047E8
:1006E00012F1610F01D1420202D14FF0FF30704789
:1006F0004FF00000704700BF53B94AB9002908BF46
:1007000000281CBF4FF0FF314FF0FF3000F00CB855
:10071000ADF1080C6DE904CE09F072F8DDF804E0E3
:10072000DDE9022304B07047704700BF034613F8A9
:10073000012B002AFBD1181A0138704710B5054C5F
:10074000237833B9044B13B10448AFF3008001237D
:10075000237010BD880000200000000008C10008C0
:1007600008B5034B1BB103490348AFF3008008BD34
:10077000000000008C00002008C1000810B590B0F7
:100780002022002107A80BF093FB1422002101A8CE
:100790000BF08EFB102301220224CDE90A234FF433
:1007A000601306A806940D940F9301F065FC00B148
:1007B000FEE70F23CDE901344FF480630390CDE9C8
:1007C0000430214601A801F019FE00B1FEE710B087
:1007D00010BD704738B50E4B05461A784FF47A7342
:1007E000B3FBF2F30B4A1068B0FBF3F000F09CF897
:1007F000044658B90F2D09D8024629464FF0FF305C
:1008000000F042F82046044B1D6038BD0120FCE793
:10081000000000202400002004000020074A08B542
:100820001368032043F01003136000F01BF800204E
:10083000FFF7D0FFFFF7CDFF002008BD00200240EA
:10084000034A044B11681B780B441360704700BFC8
:10085000A400002000000020014B1868704700BF72
:10086000A400002007490302CA6803F4E06322F4ED
:10087000E0621204120C134343F0BF6343F40033ED
:10088000CB60704700ED00E0154B30B5DC68C4F379
:100890000224C4F10703251D042B28BF0423062DC1
:1008A0004FF0FF3594BF0024033C05FA03F321EA1F
:1008B0000303A54022EA0502A340002843EA0203FD
:1008C000ACBF00F16040074A4FEA0313DBB2ABBF95
:1008D00000F5614000F00F0080F80033135430BD84
:1008E00000ED00E014ED00E0002807DB01234109E2
:1008F000034A00F01F00834042F82130704700BFD8
:1009000000E100E000280CDB01220649430900F069
:100910001F008240203341F82320BFF34F8FBFF3E5
:100920006F8F704700E100E00138B0F1807F0BD29B
:100930004FF0E023F021054A586182F8231000208F
:10094000072298611A6170470120704700ED00E0AE
:10095000002808DB01224309034900F01F00824000
:10096000603341F82320704700E100E0704708B58C
:10097000FFF7FCFF08BD704710B5044650B143793E
:1009800003F0FF0213B90271FFF7F5FF0123002006
:10099000637110BD0120FCE790F821200346022A74
:1009A00006D0042282630120002283F820207047B1
:1009B0000268C06B116821F00E011160116821F00E
:1009C0000101116001211A6C01FA02F2426000205B
:1009D00083F82110E8E7000008B590F82130022BD9
:1009E00003D004238363012008BD03681A6822F042
:1009F0000E021A601A6822F001021A60174A934226
:100A00001FD0143293421ED0143293421DD01432A0
:100A100093421DD0143293421DD01432934214BF1E
:100A20004FF080734FF480130D4A5360012380F818
:100A30002130002380F82030436B03B19847002019
:100A4000D2E70123F0E71023EEE74FF48073EBE7E2
:100A50004FF48053E8E74FF48033E5E708000240A5
:100A60000000024090F8210070470000114AD3684E
:100A700013F0100305D01049CB6943F00203CB619A
:100A80001023D268500706D50B4943F00403CA6906
:100A900042F00102CA61074AD169C90708D5064870
:100AA000C16941F00401C161D16921F00101D16145
:100AB000D360704700200240A8000020064B186950
:100AC00010F0800007D0054A5A6002F188325A605F
:100AD0001869C0F3C0107047002002402301674529
:100AE000034A0020136943F080031361704700BF7D
:100AF0000020024070B50546FFF7AEFE0646114CD9
:100B0000E368D80712D4E368990644BF2023E36062
:100B1000E368DA0606D4E369DB0703D4E06810F083
:100B2000040007D0FFF7A2FF012003E06B1CE7D011
:100B30000DB9032070BDFFF78FFE801BA842DFD9DF
:100B4000F7E700BF002002402DE9F84FDFF894A03E
:100B50001F469AF818300546012B884691463FD02B
:100B600001234CF250308AF81830FFF7C3FF90BBD6
:100B7000012D03D0022D14BF042502250026334683
:100B8000DFF864B03401C4F12001A4F1200207FAB7
:100B900001F129FA04F4CAF81C300C4327FA02F2D6
:100BA0001443DBF81020A4B242F00102CBF810206D
:100BB0004CF2503028F81640FFF79CFFDBF810206D
:100BC00022F00102CBF8102028B90136F2B295428A
:100BD0004FF00003D6D800238AF81830BDE8F88F0C
:100BE0000220FBE7A8000020002002400022064B64
:100BF000DA61064B1A6942F002021A6158611A69F9
:100C000042F040021A617047A80000200020024014
:100C10002DE9F041264F05463B7E8846012B44D006
:100C200001243C7603684CF25030022B1AD1FFF7B6
:100C300061FF20B1012000233B76BDE8F0811D4C0F
:100C4000F86123694CF2503043F0040323612369B7
:100C500043F040032361FFF74DFF236923F00403B2
:100C60002361E8E7FFF746FF0028E3D14FF0FF33A9
:100C7000C8F800302046AE680E4CD5E9023203EBCE
:100C80008223B342D7D93046FFF7B0FF4CF2503041
:100C9000FFF730FF236923F00203236110B1C8F886
:100CA0000060C8E706F58066E7E70220C5E700BFF9
:100CB000A800002000200240044A08B55169014202
:100CC00002D0506102F008FB08BD00BF00040140E3
:100CD0002DE9F84606460F4691461D464FEA114A51
:100CE0003368BAF1010F0CBF5C699C6927EA040400
:100CF000A4B2B4FA84F46409A14501D0002025E02F
:100D00006A1CEED0FFF7A8FD089BC01AA84201D8C4
:100D1000002DE5D13368BAF1010F0CBF5B699B6907
:100D200027EA03039BB2B3FA83F35B099945D7D152
:100D3000002320220120336386F83D2086F83E30D0
:100D4000326C86F83C3042F020023264BDE8F8860E
:100D50007047000070B5044608B9012070BD90F8D6
:100D60003D3003F0FF021BB980F83C20FFF7F0FF95
:100D7000242384F83D3023681A6822F001021A60A7
:100D80001A6842F400421A601A6822F400421A609B
:100D900001F0D0FB3E4B65689D4294BF3D4B3E4BFE
:100DA0009842DAD93D4A2168B0FBF2F24B6823F051
:100DB0003F0313434B60431E35480E6A854226F0BD
:100DC0003F0639D8013232430A626A00B3FBF2F2BD
:100DD000531C40F6FC72C869134220F44F4020F0C7
:100DE000FF0045D104230343CB610A68D4E90730EF
:100DF00022F0C002034313430B608A68D4E9030363
:100E000022F40342034322F0FF0213438B60CA68BB
:100E1000D4E9053022F0FF0203431343CB600B6893
:100E2000002043F001030B602023206484F83D3050
:100E3000206384F83E0091E74FF4967042434FF4EC
:100E40007A70B2FBF0F2013232430A62C869A268DA
:100E500020F44F4020F0FF006AB119226A43B3FB2F
:100E6000F2F30133C3F30B0383B143F44043BAE716
:100E7000C3F30B03B7E705EB4502B3FBF2F2013214
:100E8000C2F30B0313B143F40043ACE70123AAE719
:100E9000A08601007F841E00FF083D0040420F0035
:100EA000704710B5044698B12423026880F83D309D
:100EB000136823F001031360FFF7F2FF00202064A2
:100EC00084F83C0084F83D00206384F83E0010BDA7
:100ED0000120FCE72DE9F04F044685B01F46884607
:100EE0009246FFF7B9FC94F83D300546202B03D01D
:100EF000022005B0BDE8F08F0090192301222046A2
:100F00004A49FFF7E5FE0028F2D194F83C30012B66
:100F1000EED0012384F83C30236800261A68DFF8FD
:100F20000CB1D20758BF1A6808F0FE085CBF42F047
:100F300001021A601A6822F400621A60242384F8FD
:100F40003D303B4B2664E36222684FF00111136889
:100F5000204643F4807313603B4600220095FFF760
:100F6000B7FE236838B11B680320DB0544BF4FF48C
:100F700000732364BDE7C3F81080FFF76DFC4FF0EA
:100F8000A009054623685A695B69C2F34002C3F3AE
:100F9000802394F83D10A02901D013431DD04FF0B9
:100FA0002009236884F83D905A6912F0020F1A68EC
:100FB00042F400721A6025D0002203925A6920463A
:100FC00003929B6901220393039B184919230095FF
:100FD000FFF77EFE88B101208BE7FFF73DFC401B49
:100FE000B84200D80FB984F83D9023685A695B690C
:100FF000C2F34002C3F38023CBE784F83D9084F82A
:101000003C0076E76FF4806259465A612046192306
:1010100001220095FFF75CFE0028DCD10136564521
:1010200092D384F83D9084F83C00D4E7020010008D
:101030000000FFFFF7B5002504460095019594F8E0
:101040003D500898202D02D0022003B0F0BD256845
:101050002E68B60503D4082801D001281BD146F21A
:10106000A817274E3668B6FBF7F619277E43019678
:10107000019E013E0196019E56B92023266384F805
:101080003D3084F83E60236C43F020032364DBE7AB
:10109000AE69B707ECD494F83C60012ED4D02E682A
:1010A000F6075EBF2E6846F001062E602E6826F415
:1010B00000662E60212684F83D60102684F83E608C
:1010C000002626646385638DE06261642385236B5B
:1010D00062620093009B112B05D1B0F52A0F02D05C
:1010E000B0F12A4F03D12B6843F480732B600020AA
:1010F00084F83C006B6843F4E0636B60A5E700BFD5
:1011000024000020F7B5002504460095019594F8C9
:101110003D500898202D02D0022003B0F0BD256874
:101120002E68B60503D4082801D001281BD146F249
:10113000A817364E3668B6FBF7F619277E43019698
:10114000019E013E0196019E56B92023266384F834
:101150003D3084F83E60236C43F020032364DBE7DA
:10116000AE69B707ECD494F83C60012ED4D00126C8
:1011700084F83C602E68F6075EBF2E6846F00106D4
:101180002E602E6826F400662E60222684F83D60CC
:10119000102684F83E60002626646385638DE06235
:1011A00061642385236B62620093638D9BB2022B83
:1011B00024D1202801D0102820D1009B122B2B688D
:1011C0001DD14FF4407223F480632B602B6843F4ED
:1011D00000632B60009B122B05D1B0F52A0F02D0C3
:1011E000B0F12A4F03D12B6843F480732B600020A9
:1011F00084F83C006B6813436B608EE72B6843F404
:1012000080634FF4E0622B60E4E700BF240000201D
:1012100037B5044690F83D0000F02800282830D16A
:1012200000292CD0002A2AD094F83C00012828D08C
:1012300025682868C0075EBF286840F00100286064
:10124000286820F400602860292084F83D002020D0
:1012500084F83E00002020646285628DE362019084
:101260006B6961620193AB6984F83C000193019B57
:101270006B68228543F4E0636B6003B030BD0120EE
:10128000FBE70220F9E737B5044690F83D0000F08F
:101290002800282830D100292CD0002A2AD094F800
:1012A0003C00012828D025682868C0075EBF286850
:1012B00040F001002860286820F4006028602A209F
:1012C00084F83D00202084F83E00002020646285E0
:1012D000628DE36201906B6961620193AB6984F88E
:1012E0003C000193019B6B68228543F4E0636B60D3
:1012F00003B030BD0120FBE70220F9E790F83D3054
:10130000202B14D1282380F83D30036800201A6870
:10131000D2075EBF1A6842F001021A601A6842F4EE
:1013200080621A605A6842F440725A607047022024
:10133000704770477047704710B590F83D10026DC8
:101340000346C9B282B9C26C0168012A826C05D118
:10135000D2B20A61026D02321A6510BDC2F30722D1
:101360000A611A6D0132F7E7026D012A03D1826C1E
:101370000168D2B2F4E7026D022A31D1222905D1E7
:1013800001680A6842F480720A60EAE7428D92B20C
:1013900072B121290AD1426A016812F8010B086171
:1013A0005A625A8D013A92B25A85D6E75B8DD4E7DC
:1013B000428D92B2002AD0D12129CED101684C6849
:1013C00024F4E0644C600C6844F400740C60202148
:1013D000026380F83D1080F83E20FFF7ACFFBCE7C9
:1013E00003685A69120644BF00221A61B5E77047C4
:1013F00070470000002373B5406A019390F83D20C8
:10140000344BD4B246F2A8121B68B3FBF2F323228A
:10141000534301930368019A02BB026C42F020021D
:101420000264D0E90D1201BB002A32D1196821F4FF
:101430008061196042851A6822F001021A6090F8F2
:101440003D20602A2CD1202380F83D30002380F8F5
:101450003E300364FFF7CCFF02B070BD019A013A41
:1014600001921A689205D6D4DBE700258D6232B965
:101470001D6825F480651D6042854A63DBE71E68B0
:10148000956226F480661E6045854D630021516398
:10149000D1E71D68916225F480651D604185F5E7FF
:1014A00004F02802282A0ED1196841F001011960C0
:1014B000196841F4806119600023036380F83D20BE
:1014C00007F03FF9C8E7202380F83D30002380F87B
:1014D0003E30F5E72400002010B590F83D2090F84C
:1014E0003E300446102BD9B2D2B2036801D0402955
:1014F0000CD1222A0AD11A6822F400621A602268EA
:101500005268120549D50022226307E002F0280143
:1015100028293DD10022226384F83D105A6812F434
:1015200000625BD05A68606B22F400625A6090F8E7
:101530002130012B3D4B37D04363FFF74DFA50B1BB
:101540002268606B136823F001031360202384F882
:101550003D30436B9847236C19071FBF22685368BF
:1015600023F4E063536094F83D30226CDBB2520701
:101570000DD5282B0BD12E4B2022E36200232046D1
:10158000236384F83D2084F83E3007F0AFF810BDA7
:1015900059680805B7D4602AB5D0202284F83D20C8
:1015A000002284F83E20AEE7A06B4363FFF714FAF5
:1015B0000028D0D023685A69510605D51A69636A94
:1015C0001A70636A013363622268A06B136823F0A8
:1015D00001031360202384F83D30BAE794F83D10EE
:1015E000602915D1202184F83D1022645A695206E1
:1015F00005D51A69636A1A70636A013363622268E7
:101600002046136823F001031360FFF7F1FEA2E701
:101610005A69500605D51A69636A1A70636A0133FC
:101620006362204607F08DF895E700BFF5130008C8
:101630000000FFFFF0B5044603688FB05A68C66A21
:1016400090F83E0094F83D101028C5B2C9B202D0FF
:10165000402D40F0E7829F69586910F0010F07D1D3
:10166000B6F52A0F02D0B6F12A4F51D10FB0F0BD16
:1016700096054DD5E26AB2F52A0F0CD10122E2623D
:1016800094F83E20402A11D1226D52B9626C02F0CA
:10169000FE021A61EAE7E26AB2F12A4FF0D10822AB
:1016A000EDE7626C42F00102D2B2F2E72269B2F5D4
:1016B000804F1AD194F83D20212A626C11D102F09A
:1016C000FE021A61626B0AB1926A2AB9A26B002A01
:1016D000CCD0926A002AC9D05A6842F400625A609B
:1016E000C4E742F00102D2B2EBE7226D32B9626C7C
:1016F000D21102F0060242F0F002CAE7226D012A7E
:10170000B4D1626CD21102F0060242F0F102C0E7DD
:10171000060703D5960501D5626CE4E7860740F11C
:10172000F280960540F1EF8094F83E10E26A256B56
:1017300094F83D00C9B2222840F0DD80206D40B908
:10174000402906D100905A6900929B690093009B42
:101750008CE7216D89B92069B0F5404F0DD1019119
:101760005A6901929A690192019A1A6842F4807248
:101770001A60236D0133236578E7618D89B251B911
:1017800002915A6902929A690292029A1A6842F484
:1017900000721A6019E0618D89B2012949D112F5F0
:1017A000803F1BD11A6822F480621A605A6812F4D2
:1017B00000620CD01A6822F480621A600022039240
:1017C0005A6903929B690393039B0023D3E7049216
:1017D0005A6904929A690492049AD7E7082A1CD09D
:1017E000202A1AD0122D0DD1012A16D11A6822F4FE
:1017F00080621A60002205925A6905929B690593DE
:10180000059BE2E7102AF1D8874941FA02F2D20794
:10181000ECD41A6842F48062EBE71A6822F4806222
:101820001A60002206925A6906929A690692069AEE
:10183000ACE7618D89B202293AD1102A03D87B49DD
:10184000D140CF0716D4196841F400611960002116
:10185000079159690791996907910799196821F4C6
:101860008061196059680E05AFD5202A10D912F58C
:10187000803F10E0196841F48061196000210891EF
:101880005969089199690891089959680D059CD57D
:10189000072A02D8012A98D105E0A2F10801644A7A
:1018A000CA40D00791D55A6842F480525A608CE7FA
:1018B000196841F4806119605968090505D5202A25
:1018C00016D8072A09D8012A0DD0002209925A6990
:1018D00009929B690993099B77E7A2F10801544A91
:1018E000CA40D207F1D55A6842F480525A60ECE7F8
:1018F00012F5803FE8E700220A925A690A929B6932
:101900000A930A9BB2E67F0740F194805E68360531
:101910003FF5ACAE070600F004063ED550053CD5B9
:10192000002E3DD194F83D20258D94F83E10D2B282
:10193000E06AC9B2C5B9212A18D1082858D0202890
:1019400056D010F5803F53D05A6822F4E0625A60B6
:1019500011232363002384F83E302023204684F89B
:101960003D30FFF7E6FC81E6212A05D040297FF4CF
:101970007DAE222A7FF47AAE628D92B21AB95A688D
:1019800022F48062ABE694F83E20402A16D120462D
:101990000FB0BDE8F040FFF7CFBC002E3FF466AEBD
:1019A00097057FF563AE212939D1E16A94F83D208E
:1019B000212A7FF45BAE628D92B24AB1626A12F85C
:1019C000011B19616262638D013B9BB263854DE629
:1019D00008290DD020290BD011F5803F08D0596877
:1019E00021F4E06159601123236384F83E20B4E7B9
:1019F0005A68204622F4E0625A601A6842F4007283
:101A00001A6000232022236384F83D2094F83E20AE
:101A100084F83E30402AA4D1FFF78DFC26E6402D05
:101A20007FF424AEB3E700BFEBFFFEFF140001001C
:101A30000101000159680E053FF518AE450600F09A
:101A4000040140F18680500540F18380002940F078
:101A5000838094F83D20222A7FF408AEE06A628DEC
:101A600092B2032A14D91A69636A1A70636A01333D
:101A70006362638D013B9BB26385638D9BB2032BD5
:101A80007FF4F4AD2268536823F480635360EDE57E
:101A9000E56A022D3FF473AF012A3FF670AF0B9158
:101AA00046F2A811784A1268B2FBF1F202EB820208
:101AB0000B920B9A013A0B920B99D1B9226C2046EA
:101AC00042F0200222645A6822F4E0625A601A69E5
:101AD000636A1A70636A01336362638D013B9BB270
:101AE0006385202384F83D3084F83E1006F029FEFB
:101AF000BCE51A6812F40072DBD1196821F4806128
:101B00001960596821F4E06159601969636A1970B4
:101B1000636A01336362638D013B9BB2638520235B
:101B200084F83D3094F83E3084F83E20402B04D1B8
:101B300022632046FFF75BFC98E5082801D02028A7
:101B400001D1002300E0122320462363FFF7F2FBBC
:101B50008CE500293FF48AAD92057FF587ADE26AF6
:101B6000608D616A80B2042809D15A6822F48062CB
:101B70005A601B690B70636A0133636223E7608DEF
:101B800080B203280CD15868042A20F48060586081
:101B9000EFD0022AEDD01A6822F480621A60E8E7DA
:101BA000608D80B20228E4D1042A33D007D8012AFC
:101BB00007D0022A2ED0186840F4007004E0102AE2
:101BC000F9D1186820F4806018601B690B70616A95
:101BD0004B1C6362638D013B9BB2638523681B6969
:101BE0004B70636A216801336362638D013B9BB272
:101BF00063854B6823F440734B60202384F83D30A9
:101C000094F83E30402B4FF0000384F83E3005D16D
:101C100023638EE7186840F48060D5E7082A90D0E7
:101C2000202A8DE7206C10B30025586987072DD531
:101C300096052BD5226C02B19D6994F83D2002F0E7
:101C40002802282A16D15A682F0622F480625A6088
:101C50004FF0000385F00401204654BFA289228B77
:101C6000C1F3800184F83C3006F00CFDFEE49D6970
:101C70005869DBE700220C9259690C919B6984F842
:101C80003C200C930C9BF1E424000020C60640F19C
:101C9000C280950540F1BF8094F83D505A68EDB27E
:101CA00022F4E0625A6000220D925A690D921A687D
:101CB00042F001021A600D9A1A6822F480621A60DA
:101CC0005A68100520D505F0F702222A3DD1A06BF5
:101CD0000268526892B26285628D92B21AB1226C29
:101CE00042F0040222645A6822F400625A60FEF74D
:101CF000B9FE012808D0A06B824B4363FEF76CFE4F
:101D000010B1A06B436B9847638D9BB2002B3CD105
:101D1000236C002B56D12A2D74D12363282320460F
:101D200084F83D3006F0F7FC94F83D30282B5AD16A
:101D3000754B2022E36200232046236384F83D2074
:101D400084F83E3006F0D2FC90E4606B0268526882
:101D500092B26285628D92B21AB1226C42F0040294
:101D600022645A6822F400625A60FEF77BFE012862
:101D700008D0606B634B4363FEF72EFE10B1606BBF
:101D8000436B9847638D9BB2D3B123685A6951075F
:101D90001ED423685A69520609D51A69636A1A70F3
:101DA000636A01336362638D013B9BB26385638D1C
:101DB0009BB2002BACD0236C43F004032364A7E751
:101DC000236CFBB120460FB0BDE8F040FFF784BBA9
:101DD0001A69636A1A70636A01336362638D013B37
:101DE0009BB26385D5E7236B222B7FF43FAC0023A6
:101DF0002022236384F83D2084F83E30204606F0FC
:101E00008AFC33E494F83D30282B91D0236B222BAD
:101E1000EDD0222DE9E701F0F701212900F00405BA
:101E200036D1070628D5560526D545BB94F83D0082
:101E3000628DC0B292B2002A3FF418AC626A12F806
:101E4000015B1D616262628D013A92B26285628DB0
:101E500092B2002A7FF40AAC29287FF407AC5A68B2
:101E6000204622F480625A602823216384F83D30A2
:101E700006F063FCFFF7FABB002D3FF4F7AB9505C6
:101E80007FF5F4AB628D92B2002A3FF4EFAB95E59B
:101E9000400627D5510525D53DBB94F83D20618DE1
:101EA000D2B289B200293FF4E1AB1969636A1970B3
:101EB000636A01336362638D013B9BB26385638D0B
:101EC0009BB2002B7FF4D2AB2A2A7FF4CFAB2268DF
:101ED000536823F48063536022232363282384F808
:101EE0003D308BE7002D3FF4C1AB92057FF5BEABD3
:101EF000628D92B2002A3FF4B9AB1A69636A1A7014
:101F000039E600BFF51300080000FFFFF8B50368CD
:101F1000044659695E6890F83E2011F48075D2B28B
:101F20000AD016F4807507D06FF4807001255861CF
:101F3000186840F40040186001F4806001F4006704
:101F4000890510D5F1050ED56FF4007145F0020535
:101F5000596160B917BB236C20462B432364BDE84D
:101F6000F840FFF7B9BA002849D0F1054AD5B4F8CE
:101F70002AC094F83D00202A6FF48061D4F830E044
:101F80001FFA8CFCC0B262D1BCF1000F0DD05961B8
:101F900045F00405002FDED0F205DCD56FF40062B9
:101FA000236845F008055A61D5E700F0F702212AB9
:101FB00004D02828EBD1BEF1210FE8D194F83D20C0
:101FC000E16AD2B2082901D020291ED1282A1CD1C9
:101FD000254A2046E2625A6822F4E0625A606FF4B1
:101FE00080625A611A6822F480621A6000232022FB
:101FF000236384F83D2084F83E3006F077FB0FB170
:10200000F305CBD4002DA6D1F8BD212A1BD116494A
:10201000E16222630021202284F83D2084F83E10F2
:102020005A6822F4E0625A606FF480625A611A685A
:1020300022F480621A605A69100648BF196120466E
:1020400006F07BFBDBE76FF480625A61D7E7102A6A
:10205000596145F0040501D0402A9BD11A6842F429
:1020600000721A6096E700BF0000FFFF90F83D0085
:102070007047006C704700002DE9F341054638B306
:102080000368DB0710D42B689F075ED42B68190701
:1020900000F195802B685A0700F1C180EB69002B95
:1020A00040F02C81002029E0904C636803F00C0381
:1020B000042B07D0636803F00C03082B0AD1636874
:1020C000DE0307D523689C03DDD56B68002BDAD1CE
:1020D000012013E06B68B3F5803F12D1236843F40D
:1020E00080332360FEF7B8FB064623689803CAD402
:1020F000FEF7B2FB801B6428F7D9032002B0BDE8CD
:10210000F0819BB9236823F480332360236823F490
:1021100080232360FEF7A0FB064623689903B2D50F
:10212000FEF79AFB801B6428F7D9E6E7B3F5A02FEA
:10213000236803D143F480232360CFE723F4803363
:102140002360236823F48023CBE7684C636813F093
:102150000C0F07D0636803F00C03082B10D16368E1
:10216000DA030DD423689B0702D52B69012BAFD16D
:1021700023686A6923F0F80343EAC203236085E712
:102180002A695B4B6AB101221A60FEF765FB0646BD
:1021900023689F07ECD4FEF75FFB801B0228F7D96A
:1021A000ABE71A60FEF758FB0646236898077FF5F1
:1021B0006DAFFEF751FB801B0228F6D99DE7AA6997
:1021C0004A4E4B4BE2B10122C3F88024FEF744FB98
:1021D0000446736A9B070DD54FF4FA52454B1B68B2
:1021E000B3FBF2F3019300BF019B5A1E0192002B37
:1021F000F9D14FE7FEF730FB001B0228E9D97CE755
:10220000C3F88024FEF728FB0446736A9F077FF516
:1022100041AFFEF721FB001B0228F6D96DE7334CD6
:10222000E369D80024D40127E36943F08053E361D4
:10223000E36903F080530093009B2F4E3368D90568
:1022400018D5EB68012B26D1236A43F001032362E2
:10225000FEF702FB41F288380646236A9B073FD50A
:10226000002F3FF41BAFE36923F08053E36115E7D0
:102270000027E2E7336843F480733360FEF7ECFA3B
:1022800080463368DA05DCD4FEF7E6FAA0EB0800F6
:102290006428F6D931E7ABB9236A41F2883823F0D4
:1022A00001032362236A23F004032362FEF7D4FAB6
:1022B0000646236A9807D3D5FEF7CEFA801B404521
:1022C000F7D91AE7052B236A03D143F004032362ED
:1022D000BAE723F001032362236A23F00403B6E77D
:1022E000FEF7BAFA801B4045B7D906E70010024056
:1022F0000000424224000020007000402A4C626826
:1023000002F00C02082A3ED00022022B274B1A664C
:102310002CD1FEF7A1FA06462368990120D42B6A36
:10232000B3F5803F05D16268A96822F400320A4300
:102330006260696A62680B4322F4741213430122DB
:1023400063601A4B1A66FEF787FA054623689A01FE
:102350003FF5A8AEFEF780FA401B0228F6D9CCE67E
:10236000FEF77AFA801B0228D6D9C6E6FEF774FA81
:10237000054623689B017FF595AEFEF76DFA401B7D
:102380000228F6D9B9E6012B3FF4A2AE60682B6AA9
:1023900000F480329A427FF49BAE6B6A00F47010B6
:1023A000C01A18BF0120A9E60010024000004242F6
:1023B0000D4A536803F00C01082912D10B48C3F3EE
:1023C0008341DB03405C09D55368094AC3F34043AA
:1023D0005043084AD35CB0FBF3F07047064B5843B8
:1023E00070470348704700BF00100240FEC5000858
:1023F00000127A00FCC5000800093D002DE9F041FB
:102400000D46044610B90120BDE8F081444A136826
:1024100003F007038B4228D321688E0730D4CA0704
:1024200043D43F4A136803F00703AB4265D82268E0
:102430003C4D12F0040F6CD1130706D56B6822696E
:1024400023F4605343EAC2036B60FFF7B1FF6B688C
:10245000354AC3F30313D35CD840344B1860344B74
:102460001868FEF7B7F90020CEE7136823F00703DA
:102470000B431360136803F007038B42C3D1CBE710
:10248000284B11F0040F1EBF5A6842F4E0625A60F4
:10249000080742BF5A6842F460525A605A68A068FE
:1024A00022F0F00202435A60B9E762681D4E012A29
:1024B00033681AD113F4003FA5D0736841F288380D
:1024C00023F0030313437360FEF7C6F907467368EE
:1024D000626803F00C03B3EB820FA2D0FEF7BCF9E5
:1024E000C01B4045F3D903208EE7022A02D113F026
:1024F000007FE1E713F0020FDEE7136823F0070324
:102500002B431360136803F00703AB427FF47BAFE8
:102510008DE76B68E16823F4E0630B436B608BE746
:10252000002002400010024058C60008240000208D
:1025300004000020044B054A5B68C3F30223D35C0C
:10254000034A1068D84070470010024050C6000887
:1025500024000020044B054A5B68C3F3C223D35C0C
:10256000034A1068D84070470010024050C6000867
:10257000240000200F230360184B1A6851034EBF3C
:102580004FF4A0221A6802F4803242605A6802F4C2
:10259000003282601A6802F0010202611A68C2F316
:1025A000C40242611A6A52074EBF05221A6A02F03B
:1025B0000102C2605A6A02F0010282611A6812F0D6
:1025C000807F0CBF01220222C2615A6802F480326D
:1025D00002625B6803F470134362704700100240AC
:1025E0000F2303600B4B5A6802F0030242605A68E3
:1025F00002F0F00282605A6802F4E062C2605B6836
:10260000DB0803F4E0630361034B1B6803F007037B
:102610000B6070470010024000200240704710B568
:102620000446002851D0436A002B4AD14268B2F5D3
:10263000827F00D0C3610023A36294F8513003F07D
:10264000FF0223B9204684F85020FFF7E7FF02235A
:10265000226884F851301368A06823F040031360A7
:10266000636800F4044003F482730343E068A169E3
:1026700000F400600343206900F002000343606936
:1026800000F00100034301F400700343E069090C0A
:1026900000F038000343206A01F0040100F08000DC
:1026A0000343A06A00F40050034313605160D369F0
:1026B000002023F40063D3610123606584F8513066
:1026C00010BD0023C0E90433B5E70120F8E77047E7
:1026D0007047036870B5DD681E690446B1070DD503
:1026E000AA070BD56FF002021A61012202779B69DB
:1026F0009B0769D000F003FD00232377710710D5F5
:102700006A070ED56FF00402236820461A61022280
:1027100022779B6913F4407F5CD000F0F0FC00232B
:10272000237733070FD528070DD56FF008022368EC
:1027300020461A6104222277DB69990750D000F005
:10274000DEFC00232377F20610D5EB060ED56FF0E2
:102750001002236820461A6108222277DB6913F4ED
:10276000407F43D000F0CBFC00232377F00708D54F
:10277000E90706D56FF00102236820461A6100F0D0
:102780009BFC320608D52B0606D56FF08002236825
:1027900020461A6100F091F8700608D5690606D542
:1027A0006FF04002236820461A61FFF791FFB206DE
:1027B00022D5AB0620D56FF0200223682046BDE865
:1027C00070401A6100F078B800F097FC2046FFF7DF
:1027D0007EFF91E700F091FC2046FFF778FF9EE72F
:1027E00000F08BFC2046FFF772FFAAE700F085FCA3
:1027F0002046FFF76CFFB7E770BD0000174A03687B
:1028000090420AD0B0F1804F07D0A2F594329042A6
:1028100003D002F58062904207D14A6823F070032A
:102820001343CA6823F4407313434A6923F08003B7
:10283000134303608B68C3620B688362074B984243
:1028400004BF0B690363012343610369DB0742BFD4
:10285000036923F001030361704700BF002C0140AE
:1028600010B5044630B390F83D3003F0FF021BB9B9
:1028700080F83C2001F0F8F80223206884F83D300D
:10288000211DFFF7BBFF0123002084F8463084F8A8
:102890003E3084F83F3084F8403084F8413084F88A
:1028A000423084F8433084F8443084F8453084F86A
:1028B0003D3010BD0120FCE770477047026802F10F
:1028C0000C0353E8003F23F490730C3242E80031CC
:1028D00002680029F2D102F1140353E8003F23F00B
:1028E000010302F1140C4CE800310029F3D1036B11
:1028F000012B0BD102F10C0353E8003F23F010032E
:1029000002F10C0C4CE800310029F3D1202380F8AF
:10291000423000230363704710B504460368C16862
:102920001A6922F440520A431A6182680069D96820
:102930000243606921F4B05121F00C0102430A43C3
:10294000DA605A69A16922F440720A435A610E4A58
:10295000934215D1FFF7FEFD1923434362682068B7
:102960009200B3FBF2F36422B3FBF2F102FB1133EA
:102970001B013233B3FBF2F303EB0113836010BD91
:10298000FFF7D8FDE8E700BF00380140704710B5F9
:10299000044648B390F8413003F0FF021BB980F8B9
:1029A0004020FFF7F3FF2423226884F84130D368E6
:1029B000204623F40053D360FFF7AEFF23680020C6
:1029C0001A6922F490421A615A6922F02A025A6165
:1029D000DA6842F40052DA602023606484F84130FF
:1029E00084F84230606310BD0120FCE710B5044656
:1029F00068B390F8413003F0FF021BB980F8402023
:102A0000FFF7C4FF2423226884F84130D3682046AE
:102A100023F40053D360FFF77FFF236800201A6977
:102A200022F490421A615A6922F022025A615A69CC
:102A300042F008025A61DA6842F40052DA60202358
:102A4000606484F8413084F84230606310BD012036
:102A5000FCE790F84130202B10D189B182B1C284BB
:102A600082840023212201620168436480F84120AE
:102A7000CA68184642F08002CA6070470220704758
:102A80000120704708B50023406AC385C38401F064
:102A900099F908BD704790F8423007B5222B42D112
:102AA00081680268B1F5805F836A3FD101690029BE
:102AB0003FD15268C2F3080223F8022B8362C38D10
:102AC000013B9BB2C385002B2DD10268D16821F058
:102AD0002001D160D16821F48071D160516921F069
:102AE00001015161202280F842204363026B012AD8
:102AF000026828D1036302F10C0353E8003F23F07E
:102B0000100302F10C0C4CE800310029F3D11368DA
:102B1000DB0605D501911368019353680193019B6E
:102B2000818DFFF7B7FF03B05DF804FB39B9016988
:102B300029B95268D2B21A70836A0133BEE752686B
:102B400002F07F02F7E701F037F9ECE7036873B5AD
:102B50001A6804461607D9685D690AD1960640F1DD
:102B60008B808D0640F1888002B0BDE87040FFF791
:102B700092BF15F001054BD012F0010F02F00403D3
:102B800063D11BB1636C43F002036364930749D5BF
:102B9000636C12F0080F43F00403636403D0636CAA
:102BA00043F008036364636C002B5FD0920604D586
:102BB0008B0602D52046FFF76EFF26682046736914
:102BC000626C03F0400302F0080253EA02054FD0A2
:102BD000FFF774FE73695E0645D5226802F114039F
:102BE00053E8003F23F04003143242E8003100294B
:102BF000F3D1E06B002836D0894B4363FDF7ECFE40
:102C0000002833D0E06B436B02B0BDE8704018473A
:102C100011F4907F30D012F0010F02F0040307D1BD
:102C200090070DD41007BED501F020032B43B5E764
:102C3000CE050FD4002BF3D19607F3D5002DA7D1E5
:102C40001507B0D511F0200FA8E7C80502D4002B56
:102C500098D1F1E7636C560743F001036364EBD549
:102C6000002DDDD08EE7204601F0ACF802B070BD3B
:102C700001F0A8F86564F9E7206B012840F0948022
:102C8000D50640F19180C80640F18E800022019265
:102C90001A6801925A680192019A5A6952064DD5F2
:102CA000E16B0A68526892B2002ADFD0A08D904290
:102CB000DCD9E2858A69202A36D003F10C0252E879
:102CC000002F22F4807203F10C0040E8002100295B
:102CD000F3D103F1140252E8002F22F0010203F1B4
:102CE000140040E800210029F3D103F1140252E856
:102CF000002F22F0400203F1140040E800210029D7
:102D0000F3D1202284F84220216303F10C0252E81F
:102D1000002F22F0100203F10C0040E800210029EE
:102D2000F3D1E06BFDF738FE02236363E38DA18DE1
:102D3000C91A89B22046FFF7ADFE97E7E28DE08D14
:102D4000A18D80B292B2002890D0891A89B2002950
:102D50008CD003F10C0252E8002F22F4907203F1A0
:102D60000C0545E800200028F3D103F1140252E8D5
:102D7000002F22F0010203F1140545E8002000288D
:102D8000F3D1202284F84220206303F10C0252E8A0
:102D9000002F22F0100203F10C0545E80020002866
:102DA000F3D102236363C5E7160628D50D0626D5A1
:102DB00094F84120212A7FF459AFA168226AB1F525
:102DC000805F17D12169A9B932F8021BC1F308014C
:102DD00059602262E28C013A92B2E284002A7FF4C6
:102DE00045AFDA6822F08002DA60DA6842F0400229
:102DF000DA603BE7511C216212785A60EAE750061C
:102E00007FF534AF4A067FF531AFDA68204622F00D
:102E10004002DA60202384F8413000F0D0FF25E73B
:102E2000852A000890F84030012B11D02423026835
:102E300080F84130D36823F00C0343F00803D360DB
:102E4000202380F84130002380F840301846704736
:102E50000220704790F84030012B11D024230268E3
:102E600080F84130D36823F00C0343F00403D360AF
:102E7000202380F84130002380F840301846704706
:102E80000220704790F8412090F8420010437047AC
:102E90000023C285436422238285026980F8423080
:102EA000816203681AB1DA6842F48072DA605A69A2
:102EB000002042F001025A61DA6842F02002DA6032
:102EC000704770B490F84260202E06D141B13AB1FB
:102ED0000024046370BCFFF7DBBF022070BC7047A6
:102EE0000120FBE7836810B504462BB1032201469D
:102EF00098470023C4E9023310BD836810B5044627
:102F000013B1032201469847204610BD0B4B98424F
:102F10000BD0B0F1804F0AD0A3F59433984208D07B
:102F200003F58063984206D0FEE700207047012039
:102F30007047022070470320704700BF002C0140FB
:102F4000024670B5044652F8100FFFF7DFFF054642
:102F5000104600F01BFD0023084A04F1600642F809
:102F60002530E36004F1B005B54204D0103D284699
:102F7000FFF7C3FFF8E7204670BD00BFC800002080
:102F8000F8B504460846FFF7C1FF236903B1FEE721
:102F90001B4D04F10C0245F820200E2204F110060E
:102FA0003046C4E90C33C4E90E33C4E91033C4E934
:102FB0001623216184F82C30A36484F84C3084F803
:102FC0004D30E46000F09EFC04F1600504F1B007B0
:102FD00028461035FFF786FFBD42F9D100234FF692
:102FE000FF72C4E90033C4E90632C4E90833A360C0
:102FF000636180233046A362BDE8F840FFF730BC30
:10300000C8000020034B186810B10430FFF761BB03
:10301000704700BFC8000020FFF7F4BF034B58689B
:1030200010B10430FFF755BB704700BFC800002047
:10303000034B986810B10430FFF74BBB704700BFDB
:10304000C8000020034BD86810B10430FFF741BB23
:10305000704700BFC80000200022C0E90022C0E97C
:1030600002227047F8B504460E4600F1600500F1F3
:10307000B00728461035FFF7EFFFBD42F9D1002316
:10308000204631462361FFF77BFF2046F8BD82686A
:1030900010B50AB906F010FDC368BDE81040184726
:1030A00008B500B9FEE700F02BFC0068836E13B191
:1030B0006030FFF7ECFF08BDFFF7F2BF10B500B9B5
:1030C000FEE7037F013B072B10D8DFE803F0041471
:1030D0000F100F0F0F12012400F012FC00680634CD
:1030E00000EB041083680BB1FFF7D1FF10BD032480
:1030F000F2E70424F0E70224EEE7FFF7DFBFFFF773
:10310000DDBF08F0EDBD08F0F3BD000086B0042877
:1031100041D8DFE800F003101C2834001F4B204882
:103120009A6942F004029A619B6903F004030193D7
:10313000019B06B07047194B1A489A6942F0080281
:103140009A619B6903F008030293029BF1E7134B1A
:1031500015489A6942F010029A619B6903F01003C6
:103160000393039BE5E70D4B10489A6942F0200258
:103170009A619B6903F020030493049BD9E7074BF2
:103180000B489A6942F040029A619B6903F0400340
:103190000593059BCDE70020CBE700BF0010024060
:1031A00000080140000C01400010014000140140E3
:1031B00000180140F8B51449074600F059FBFFF725
:1031C000A5FE124E044656F8203073B9B020FFF722
:1031D00098FF0D490546384600F04AFB014628464F
:1031E000FFF740FF56F824301D6056F824301C6865
:1031F00044B12046FFF7A4FE2046BDE8F840B021C8
:10320000FFF781BFF8BD00BFDCC20008C800002086
:10321000FDF722BB08B5FDF713FBFDF7A8FB02F095
:10322000FDF908BD704700000F4B84B0DA6942F029
:103230008052DA61DA6902F080520192019A9A6949
:1032400042F001029A619A6902F001020292029A26
:103250005A6942F040025A615B6903F040030393EC
:10326000039B04B0704700BF001002400C4BD3F822
:10327000FC20D2015EBFD3F8FC2042F08072C3F87C
:10328000FC200022074B5A601A6842F001021A60C3
:1032900000BF00BF00BF5868B0FA80F04009704717
:1032A00000ED00E0001000E008B5FFF7BDFFFFF7FC
:1032B000DDFFFDF7B3FAFFF7B5FFFDF75FFABDE8F5
:1032C00008400148FDF758BB1C0000200023C0E95E
:1032D0000033C0E9023370470023012803F10102E3
:1032E0000AD11422DBB25343054A181D10448168E9
:1032F00029B11A441369184713464008EDE770478F
:10330000D80000200120FDF7D7BC0220FDF7D4BC77
:103310000420FDF7D1BC0820FDF7CEBC1020FDF73E
:10332000CBBC38B505242025A8B2FDF7C5FC013C6F
:103330004FEA4505F8D138BD38B506244FF480650D
:10334000A8B2FDF7B9FC013C4FEA4505F8D138BDFC
:10335000344A08B51046062300F8043BFFF7B6FFD1
:10336000072302F118001375FFF7B0FF082302F1DD
:103370002C0082F82830FFF7A9FF092302F1400052
:1033800082F83C30FFF7A2FF0A23172102F1540014
:1033900082F85030FFF79AFF02F1680082F864105B
:1033A000FFF794FF02F17C0082F87810FFF78EFFA0
:1033B00002F1900082F88C10FFF788FF02F1A40060
:1033C00082F8A010FFF782FF82F8B410282102F1E2
:1033D000B800FFF77BFF02F1CC0082F8C810FFF7BE
:1033E00075FF02F1E00082F8DC10FFF76FFF02F1D9
:1033F000F40082F8F010FFF769FF02F5847082F89C
:103400000411FFF763FF02F58E7082F81811FFF7C1
:103410005DFFBDE8084002F5987082F82C11FFF7B7
:1034200055BF00BFD800002038B5054CA4F5A075E5
:10343000143C201DFFF761FDAC42F9D138BD00BF3F
:10344000180200207B4B82B09A69013842F00102D9
:103450009A619B6903F001030193019B23282CD8F7
:10346000DFE810F024002D0034003B00400047004E
:103470004C00530058005F0068006D0074007D0030
:103480008200890092009B00A000A700B000B50058
:10349000BC002B002B002B00C100C8002B002B0010
:1034A0002B002B00CD00D200D900E000624A536807
:1034B00043F0E06343F00103536002B070475E4A9B
:1034C000536823F0010343F0E063F5E75A4A536879
:1034D00043F0E06343F00203EEE7574A536823F0FA
:1034E0000203F0E7544A536843F0E06343F00403F7
:1034F000E2E7514A536823F00403E4E74E4A536875
:1035000043F0E06343F00803D6E74B4A536823F0E7
:103510000803D8E7484A536843F0E06343F03003B8
:10352000CAE7454A536823F0300343F0E06343F0B1
:103530001003C1E7404A536823F03003C3E73E4A13
:10354000536843F0E06343F0C003B5E73A4A536879
:1035500023F0C00343F0E06343F04003ACE7364A96
:10356000536823F0C003AEE7334A536843F0E06387
:1035700043F44073A0E7304A536823F4407343F0A8
:10358000E06343F4007397E72B4A536823F44073D6
:1035900043F0E06343F480738EE7274A536823F4D3
:1035A000407390E7244A536843F0E06343F4406378
:1035B00082E7214A536823F4406343F0E06343F415
:1035C000006379E71C4A536823F440637BE71A4A97
:1035D000536843F0E06343F480536DE7164A536841
:1035E00023F480536FE7144A536843F0E06343F4D5
:1035F000004361E7104A536823F4004363E70E4A2F
:10360000536823F0E06357E70B4A536823F0E06305
:1036100043F0807350E7084A536823F0E06343F0B7
:10362000007349E7044A536823F0E06343F0806382
:1036300042E700BF001002400000014091FAA1F3F0
:10364000B3FA83F370B50D0E0F2691FAA1F1B1FA1A
:1036500081F144599B0006FA03F3890024EA03042C
:103660008A402243425170BD91FAA1F3B3FA83F329
:1036700070B50D0E042691FAA1F1B1FA81F1445909
:103680009B0006FA03F3890024EA03048A402243DC
:10369000425170BD431C04D00C3151F80C3C5A1CF3
:1036A00001D100207047834201F10C01F5D10120C6
:1036B00070470000431C2DE9F34107460E4600D138
:1036C000FEE75C4B00F00F02C0F3031001F00708A7
:1036D00053F82250FFF71AFDB8F1010F044615D137
:1036E00095FAA5F3B3FA83F30321280E22589B0021
:1036F00001FA03F322EA030295FAA5F3B3FA83F37E
:103700009B00994011432150012247E0C6F3062057
:10371000B8F1030F0AD801A353F828F02F37000897
:103720000937000893370008B5370008FEE7FFF7B0
:1037300089FE082229462046FFF780FF95FAA5F268
:103740002B0EB2FA82F2E1580F2392009340C6F397
:1037500001160B4095FAA5F272BB012E45D0022E40
:1037600057D0354B9A6942F001029A619B6903F088
:1037700001030193019BA7F10D03012B4DD82F4AA3
:10378000536823F0E06343F08063536002B0BDE808
:10379000F0817F2801D0FFF755FE092229462046F7
:1037A000FFF74CFF16F0080218BF04222946FFF766
:1037B0005BFFC3E70022BDE7B2FA82F2012E4FEAB7
:1037C000820223FA02F309D0022E1BD0082BC8D1A3
:1037D000042229462046FFF731FFC2E7042B04D11B
:1037E000082229462046FFF729FF01232A0A92FAD8
:1037F000A2F2B2FA82F2E168934021EA15210B436A
:10380000E360AEE7042B04D1082229462046FFF7E7
:1038100015FFE36823EA1523F2E70F2F02D0133FC9
:10382000012FB3D8054A536823F0E06343F00073D7
:10383000ABE700BF10C600080010024000000140C6
:10384000431C06D17047834202D18968FFF732BF1B
:103850000C310B685A1CF6D1FEE70B685A1C01D1DB
:1038600000207047834201D1486870470C31F4E76B
:10387000431C01D0FFF7F1BF002070474B6813B91C
:103880004FF0FF307047834201D1086870470C3118
:10389000F4E708B1FFF7F2BF4FF0FF30704703467F
:1038A0008B42084604D01BB100290CBF18460020EB
:1038B000704700000F4B1A6842F001021A60596805
:1038C0000D4A0A405A601A6822F0847222F480324B
:1038D0001A601A6822F480221A605A6822F4FE02E2
:1038E0005A604FF41F029A604FF00062034B9A60D7
:1038F000704700BF001002400000FFF800ED00E03C
:103900000438704703681D4A84B093420BD11C4BA6
:103910009A6942F400629A619B6903F40063009320
:10392000009B04B07047B3F1804F0BD103F5043313
:10393000DA6942F00102DA61DB6903F00103019305
:10394000019BEEE70F4A93420AD10D4BDA6942F030
:103950000202DA61DB6903F002030293029BE0E7F3
:10396000094A9342DDD1064BDA6942F00402DA617A
:10397000DB6903F004030393039BD2E7002C0140AF
:103980000010024000040040000800400368124A92
:10399000934206D102F56442936923F40063936174
:1039A0007047B3F1804F05D10C4AD36923F001036E
:1039B000D36170470A4A934205D102F50332D369B5
:1039C00023F00203F4E7074A9342F2D102F50232F0
:1039D000D36923F00403EBE7002C01400010024000
:1039E0000004004000080040431C10D00C4B9842DB
:1039F00010D007D8B0F1804F0ED0A3F58063984265
:103A00000CD0FEE7074B9842FBD1192070476FF0AE
:103A10000D0070471E2070471C2070471D20704706
:103A200000080040002C0140431C10D00C4B984271
:103A300010D007D8B0F1804F0ED0A3F58063984224
:103A40000CD0FEE7074B9842FBD11B2070476FF06C
:103A50000D0070471E2070471C2070471D207047C6
:103A600000080040002C014038B50446FFF74AFF2B
:103A70000068FFF7B9FFD4E91212FCF705FF2068D0
:103A8000FFF7B2FFFCF730FF22681046FFF7CCFFCC
:103A900005461046FFF7A8FF85420BD0D4E9121265
:103AA0002846FCF7F1FE2068FFF7BEFFBDE838406E
:103AB000FCF71ABF38BD00002DE9F04F8B46924647
:103AC0009946044685B018B9002005B0BDE8F08FCE
:103AD0006249406DFFF7CCFE61490646A06DFFF7D5
:103AE000C7FE60490746E06DFFF7C2FE5E49054626
:103AF000206EFFF7BDFE8046002EE5D0A36D01339A
:103B000001D0002FE0D0E36D013301D0002DDBD0D8
:103B1000236E013302D0B8F1000FD5D039463046BC
:103B2000FFF7BDFE0146206010B9FFF7B8FE206028
:103B300029462068FFF7B3FE41462060FFF7AFFE3D
:103B400020600028C0D0494B984252D103F5584319
:103B5000DA6842F48042DA60DA6822F48042DA609D
:103B60009A6942F480429A619B69002203F480437F
:103B70000193019B25233949606D84F8652084F801
:103B80006430FFF75DFE1FB13549A06DFFF758FEA9
:103B90002DB13449E06DFFF753FE4FF48075B8F155
:103BA000000F05D03049206E45F40075FFF748FE40
:103BB00094F865202E4B261D43F8226023680022CE
:103BC000C4E9013B0E9B94F96400C4E904390C2359
:103BD0000121C4E90635C4F80CA02262FCF754FEAA
:103BE0003046002F37D1FEF701FFB0FA80F04009D0
:103BF0006BE7204B984215D103F5E6331A6942F47E
:103C000000321A611A6922F400321A61DA6942F448
:103C10000032DA61DB69012203F400330293029B74
:103C20002623A8E7144B98427FF44EAF134E02228E
:103C3000336943F480233361336923F48023336190
:103C4000F36943F48023F361F36903F4802303935E
:103C5000039B27238FE7FEF79AFEC6E7A0C2000862
:103C600064C2000828C20008ECC100080038014006
:103C700018020020004400400048004000100240AC
:103C800008B5074B90F8652053F82200FFF7FAF8C3
:103C900000F02200A0F122035842584108BD00BFA5
:103CA0001802002008B5074B90F8652053F8220051
:103CB000FFF7E8F800F02100A0F121035842584135
:103CC00008BD00BF1802002070B50E46054610B9A9
:103CD0004FF0FF3070BDFFF7D3FF04460028F7D147
:103CE000294611F8663F0122337095F86500034BB1
:103CF00053F82000FFF7E5F82046EBE71802002014
:103D000038B50D460446B8B1FFF7BAFFA0B994F92B
:103D10006400E564FCF7F6FD94F86500074B04F1D8
:103D2000660153F820000122FFF7CBF894F96400F4
:103D3000BDE83840FCF7D8BD38BD00BF18020020F0
:103D400038B515460446B8B1016590F96400FCF732
:103D5000D9FDB4F87630E16E9BB294F86500194451
:103D6000064BAAB253F82000FEF773FE94F96400E4
:103D7000BDE83840FCF7B8BD38BD00BF18020020D0
:103D800048B1836D013306D190F86520024B53F89A
:103D90002200FFF747B870471802002048B1836D32
:103DA000013306D190F86520024B53F82200FFF74B
:103DB00051B8704718020020836C04381847C36C50
:103DC0000438184730B5044650F8043985B01D68EA
:103DD00015F0010512D0002200921A6800925B686B
:103DE0000093009BFFF74CFF40BB0122204604F1EB
:103DF000620105B0BDE83040FFF763B8196811F003
:103E0000020106D001951A6801925B680193019B3B
:103E1000E8E71A6812F0040206D002911A680292CA
:103E20005B680293029BDDE719680907DAD5039204
:103E30001A6803925B680393039BD3E705B030BD18
:103E400008B52520FCF784FD024B1868BDE8084042
:103E5000FEF77CBE18020020262008B5FCF778FD8E
:103E6000034B586818B1BDE80840FEF76FBE08BDA7
:103E700018020020272008B5FCF76AFD034B98685C
:103E800018B1BDE80840FEF761BE08BD1802002069
:103E9000FEE700001622024B4FF0FF301A60704719
:103EA000440E0020012070474FF0FF3200F108035C
:103EB000C0E90223436003610023036070470023CD
:103EC0000361704743689A684B608A6051609960EB
:103ED0000368086101330360704730B50C68631CE8
:103EE0000AD103695A684A6091608B60596003681F
:103EF00008610133036030BD00F1080213465268C7
:103F00001568A542FAD9EDE70369D0E901128A6084
:103F100051605968814208BF5A60002202611A68E4
:103F2000013A1A601868704710B5044601F02AFC7F
:103F3000A46B01F047FCB4FA84F0400910BD70B5E1
:103F40001646026C0446856B42B906689EB98068C5
:103F500001F09CF8A6600135A56370BD6EB940689C
:103F600008F074F86368226C1344A268636093429B
:103F700024BF236863600020EDE7C06808F066F89E
:103F8000226CE36851429B1A2268E36093423EBF71
:103F9000A3685B18E360022EEDD10DB1013DEAE7A5
:103FA0002846D8E703461A6C084610B462B1DC68AC
:103FB000996814448C4228BF1968DC6028BFD96016
:103FC000D96810BC08F042B810BC704770B5044600
:103FD00001F0D8FB94F8455004F124066DB2002D91
:103FE00014DCFF2384F8453001F0ECFB01F0CAFB40
:103FF00094F8445004F110066DB2002D12DCFF233A
:1040000084F84430BDE8704001F0DCBB636A002BEB
:10401000E7D0304600F052FF08B100F0D9FF013D73
:104020006DB2DCE72369002BE9D0304600F046FF93
:1040300008B100F0CDFF013D6DB2DEE738B50D46A9
:10404000044640B94FF0500383F31188BFF36F8FDC
:10405000BFF34F8FFEE701F095FBD4E90F314B43DF
:104060002268D0185B1AA060626000201A44FF2307
:10407000A063E26084F8443084F84530A5B9236930
:1040800073B104F1100000F019FF48B14FF0E023C4
:104090004FF08052C3F8042DBFF34F8FBFF36F8FE3
:1040A00001F090FB012038BD04F11000FFF7FCFE89
:1040B00004F12400FFF7F8FEF2E7F8B50D461746C5
:1040C000064640B94FF0500383F31188BFF36F8F5A
:1040D000BFF34F8FFEE74843503001F0F7FA044634
:1040E00058B165B100F1500301212046C4E90F65C4
:1040F0002360FFF7A3FF84F84C702046F8BD034609
:10410000F2E7F0B585B00E461D460446019240B96F
:104110004FF0500383F31188BFF36F8FBFF34F8FBE
:10412000FEE751B9036C43B14FF0500383F311889C
:10413000BFF36F8FBFF34F8FFEE7022D0BD1E36B01
:10414000012B08D04FF0500383F31188BFF36F8F1A
:10415000BFF34F8FFEE700F041FF08B9019B03BB9F
:1041600001F010FBA26BE36B9A4223D22A46314640
:104170002046FFF7E4FE636A1BB104F1240000F05F
:104180009DFE48B14FF0E0234FF08052C3F8042D5C
:10419000BFF34F8FBFF36F8F01F014FB012005B009
:1041A000F0BD4FF0500383F31188BFF36F8FBFF35F
:1041B0004F8FFEE7022DD9D000231F4637E013B9F9
:1041C00002A800F0BDFE01F0FDFA00F0B1FC01F024
:1041D000D9FA94F84430FF2B08BF84F8447094F85F
:1041E0004530FF2B08BF84F8457001F0EBFA01A9B8
:1041F00002A800F0B1FE002839D101F0C3FAA26B89
:10420000E36B9A421AD101F0DDFA019904F1100032
:1042100000F01AFE2046FFF7D9FE00F039FDD8B1B4
:1042200001F0B0FAA36BE26B9A429FD80123019A86
:10423000002AC4D101F0C6FA0020B0E701F0C2FAAA
:104240002046FFF7C3FE00F023FD01F09BFAA26BAE
:10425000E36B9A42EAD289E74FF0E0234FF08052B5
:10426000C3F8042DBFF34F8FBFF36F8FEDE72046E8
:10427000FFF7ACFE00F00CFDDEE770B506465020FF
:1042800001F024FA044688B1002501210060C0E94C
:104290000F15FFF7D3FE2B462A462946204684F801
:1042A0004C60A5602560E560FFF72BFF204670BDE0
:1042B0002DE9F843894617461E46044640B94FF09B
:1042C000500383F31188BFF36F8FBFF34F8FFEE767
:1042D00051B9036C43B14FF0500383F31188BFF31E
:1042E0006F8FBFF34F8FFEE7022E0BD1E36B012BD5
:1042F00008D04FF0500383F31188BFF36F8FBFF3E3
:104300004F8FFEE701F016FBEFF311884FF05003DB
:1043100083F31188BFF36F8FBFF34F8FA26BE36BF3
:104320009A4201D3022E1ED194F845503246494696
:1043300020466DB2A36BFFF702FE6B1C0ED1636AC1
:104340003BB104F1240000F0B9FD10B10FB101231D
:104350003B60012088F31188BDE8F88301356DB218
:1043600084F84550F5E70020F4E7F0B585B00E4637
:104370000446019240B94FF0500383F31188BFF314
:104380006F8FBFF34F8FFEE751B9036C43B14FF00E
:10439000500383F31188BFF36F8FBFF34F8FFEE796
:1043A00000F01CFE50B9019B43B14FF0500383F362
:1043B0001188BFF36F8FBFF34F8FFEE701F0E2F973
:1043C000A56BDDB131462046013DFFF7EBFDA5634E
:1043D000236973B104F1100000F070FD48B14FF093
:1043E000E0234FF08052C3F8042DBFF34F8FBFF38B
:1043F0006F8F01F0E7F9012005B0F0BD019B1BB9FB
:1044000001F0E0F90020F7E702A800F099FD2F463F
:1044100001F0D8F900F08CFB01F0B4F994F84430C5
:10442000FF2B08BF84F8447094F84530FF2B08BF79
:1044300084F8457001F0C6F901A902A800F08CFDCE
:1044400038BB2046FFF770FDE8B1019904F1240064
:1044500000F0FAFC2046FFF7B9FD00F019FC48B95E
:104460004FF0E0234FF08052C3F8042DBFF34F8F7D
:10447000BFF36F8F01F086F9A56B002DA2D1019BD0
:10448000002BC5D1BCE72046FFF7A0FD00F000FCE3
:10449000F0E72046FFF79AFD00F0FAFB2046FFF711
:1044A00043FD0028E6D0ADE7F0B585B004460191A4
:1044B00040B94FF0500383F31188BFF36F8FBFF300
:1044C0004F8FFEE7056C45B14FF0500383F3118821
:1044D000BFF36F8FBFF34F8FFEE700F07FFD0646FF
:1044E00020B32E46002701F04DF9A36B53B3013BD7
:1044F000A363236813B900F06FFEA060236973B152
:1045000004F1100000F0DAFC48B14FF0E0234FF066
:104510008052C3F8042DBFF34F8FBFF36F8F01F0AC
:1045200051F9012005B0F0BD3546DBE7019B002BBA
:10453000FAD04FF0500383F31188BFF36F8FBFF3AE
:104540004F8FFEE7019B53B9002D66D04FF050030B
:1045500083F31188BFF36F8FBFF34F8FFEE716B958
:1045600002A800F0EDFC01F02DF900F0E1FA01F0F5
:1045700009F994F84430FF2B08BF84F8447094F88C
:104580004530FF2B08BF84F8457001F01BF901A9E5
:1045900002A800F0E1FC50BB2046FFF7C5FC00B3C9
:1045A00023683BB901F0EEF8A06800F027FD05464E
:1045B00001F008F9019904F1240000F045FC2046BF
:1045C000FFF704FD00F064FB48B94FF0E0234FF023
:1045D0008052C3F8042DBFF34F8FBFF36F8F0126B6
:1045E00081E72046FFF7F2FC00F052FBF7E7204698
:1045F000FFF7ECFC00F04CFB2046FFF795FC002891
:10460000EDD065B101F0BEF8616A19B1236B19688C
:10461000C1F10701A06800F089FD01F0D3F8002086
:1046200080E70000002330B5064A52F8335002EB11
:10463000C3041DB942F83310606030BD0133082B4C
:10464000F3D1FAE72402002070B504460D46164661
:1046500001F098F894F84430FF2B04BF002384F84D
:10466000443094F84530FF2B04BF002384F84530D4
:1046700001F0A8F8A36B2BB93246294604F12400B7
:1046800000F0FCFB2046BDE87040FFF79FBC000037
:10469000F8B51A4B1A4D06461C6828680F460430B8
:1046A000FFF732FC40B92A681649D06A01220B682C
:1046B000824023EA02030B60731C07D137B12968DB
:1046C00011480431BDE8F840FFF7FCBB2B68A41982
:1046D0005C6007D30D4B18682968BDE8F8400431C9
:1046E000FFF7FBBB0A4B186829680431FFF7F5FB9D
:1046F000084B1A68A24288BF1C60F8BD88020020DF
:104700008C0300208402002090020020D0020020B0
:10471000D40200206C02002080B5184D184F194EAD
:104720002B6883B9184B1B68012B09D94FF0E02384
:104730004FF08052C3F8042DBFF34F8FBFF36F8F3C
:1047400000F054FFEBE701F01DF8FB68DC68201D6A
:10475000FFF7DAFB3368013B33602B68013B2B60CA
:1047600001F030F804F1580007F0DAFB206B00F09C
:10477000AFFF204600F0ACFFD2E700BFA40200204C
:10478000A80200208C02002000030020064A1368C3
:104790001968064B19B94FF0FF321A60704712685A
:1047A000D268D2685268F8E7D40200206C02002078
:1047B0002DE9F84F9600074630460D469846DDF83D
:1047C0002C9000F083FF824618B94FF0FF30BDE80F
:1047D000F88F4FF4C07000F079FF0446002800F015
:1047E000C5803246C0F830A0A521504607F060FBD6
:1047F000236B043E1E4426F00706002D00F0A8801F
:104800006B1E04F133020F3513F8011F02F8011F6C
:1048100009B1AB42F8D1002384F843300A9D4FF030
:10482000000B062D28BF062504F1040A5046E56258
:10483000E564C4F850B0FFF742FBC5F1070504F189
:104840001800FFF73CFB4FF490725946C4F878B15A
:104850002461A561646284F87CB104F1580007F01A
:1048600027FB444B394603F16802E365D0332266E7
:10487000636601220023C4E93C233F4A3F4B304694
:10488000C4E93E233E4B4246C4F800310B23A4F852
:10489000043100F04FFF2060B9F1000F01D0C9F8DA
:1048A000004000F06FFF374B374F1A68374E013228
:1048B0001A603D68002D4ED13C601B68012B1FD152
:1048C000B04640460135FFF7EFFA072D08F114080E
:1048D000F7D1DFF8BC802F4D4046FFF7E5FA2846B8
:1048E000FFF7E2FA2C48FFF7DFFA2C48FFF7DCFA73
:1048F0002B48FFF7D9FA2B4BC3F800802A4B1D60D9
:104900002A4A2B4913680868013313606364012342
:10491000E26A9340034314200B6000FB026051469F
:10492000FFF7D0FA00F04EFF224B1B6873B13B68D3
:10493000DA6AE36A9A4209D24FF0E0234FF08052DC
:10494000C3F8042DBFF34F8FBFF36F8F01203EE7F5
:1049500084F8345062E7174B1A68E36A002ACFD113
:104960003A68D26A9A4298BF3C60C9E7504600F064
:10497000AFFE2AE70C0D00200E33CDAB34126DE6EE
:10498000ECDE05008C0200208C03002000030020D8
:10499000EC020020D8020020BC020020A802002067
:1049A00090020020D4020020D002002070020020DB
:1049B000840200208002002070B504462D4D00F0D6
:1049C000E1FE04B92C68261D3046FFF79DFA60B958
:1049D0001423E06A284A4343D35833B901222749B4
:1049E00082400B6823EA02030B60A36A1BB104F147
:1049F0001800FFF789FA224A1368013313602B6805
:104A0000A3421BD131461F48FFF75CFA1E4A1368C8
:104A10000133136000F0D6FE1C4B1B684BB32B68B0
:104A2000A34226D11A4B1B68CBB14FF0500383F33E
:104A30001188BFF36F8FBFF34F8FFEE7154A04F164
:104A400058001368013B136007F06AFA206B00F00E
:104A50003FFE204600F03CFEFFF798FEDAE74FF0FD
:104A6000E0234FF08052C3F8042DBFF34F8FBFF304
:104A70006F8F70BD8C030020000300208402002093
:104A800070020020A8020020A40200208002002062
:104A9000640200208C02002013B500241B4B1C4A2A
:104AA00001931C4923461C480094C2F3CF02FFF730
:104AB0007FFE01281DD100F0E5FB012819D14FF040
:104AC000500383F31188BFF36F8FBFF34F8F134BE6
:104AD000134A1B68583313604FF0FF32114B1A60B2
:104AE000114B1860114B1C6002B0BDE8104000F083
:104AF000C9BE013008D14FF0500383F31188BFF3D2
:104B00006F8FBFF34F8FFEE702B010BD6802002029
:104B10000004000068C60008194700088C03002044
:104B2000380000206C020020800200208802002053
:104B3000024A136801331360704700BF640200200B
:104B4000014B1868704700BF88020020454B2DE9D3
:104B5000F74F1B68002B7BD1434B1C6801341C6052
:104B6000BCB9424B1A68126842B14FF0500383F34C
:104B70001188BFF36F8FBFF34F8FFEE73C4A196870
:104B80001068186011603B4A136801331360FFF727
:104B9000FDFD394D4FF0000B2B68384E9C42384FCD
:104BA00017D214213A68D26A4A43B258022A354AC7
:104BB00028BF4FF0010B12680AB900F02EFD324AEF
:104BC0001268002A18BF4FF0010B584603B0BDE829
:104BD000F08FDFF898A0DFF8B490DAF800201268C0
:104BE0001AB94FF0FF322A60DBE7DAF80020D2680A
:104BF000D2F80C80D8F804108C4201D22960D0E79A
:104C000008F1040318460193FFF77EF9D8F828103D
:104C100019B108F11800FFF777F901224FF0140CD1
:104C2000D8F82C00D9F8003002FA00F119430CFB37
:104C30000060C9F8001008F10401FFF743F9386873
:104C4000D8F82C10C26A914228BF4FF0010BC4E77C
:104C50000C4A4FF0000B13680133136000F0DDFCC9
:104C6000B3E700BF6402002088020020D4020020C5
:104C7000D0020020740200206C02002000030020FB
:104C80008C0300207C020020780200208402002097
:104C90002DE9F843314C236843B94FF0500383F3B7
:104CA0001188BFF36F8FBFF34F8FFEE700F06AFDEF
:104CB0002368013B236024682CB1002400F082FDAE
:104CC0002046BDE8F883264B1B68002BF5D0254D08
:104CD000254EDFF898801FE0EB680127DC6804F1BF
:104CE000040904F11800FFF70FF94846FFF70CF923
:104CF0001420E26A316807FA02F30B4300FB0280DA
:104D000049463360FFF7DEF8194BE26A1B68DB6A3D
:104D10009A4201D3174B1F602B68002BDCD10CB1DA
:104D2000FFF734FD144D2C6844B10127114EFFF7F5
:104D30000DFF00B13760013CF9D12C600D4B1B68B1
:104D4000002BBAD04FF0E0234FF08052C3F8042D6F
:104D5000BFF34F8FBFF36F8F0124AFE764020020D2
:104D60008C020020BC0200208402002000030020EE
:104D70008C030020780200207C02002008B550B986
:104D80004FF0E0234FF08052C3F8042DBFF34F8F54
:104D9000BFF36F8F08BD0A4B196841B14FF0500344
:104DA00083F31188BFF36F8FBFF34F8FFEE7FFF7D9
:104DB000BFFEFFF76DFCFFF76BFF0028E0D0E9E7CF
:104DC000640200201A4B10B51A681A4B12B1012266
:104DD0001A6010BD1A60184B1A68B2FA82F21423D6
:104DE000D2B2C2F11F0253431449CC58C81844B977
:104DF0004FF0500383F31188BFF36F8FBFF34F8FD2
:104E0000FEE74468083364680B449C4208BF63684B
:104E1000446008BF4360142303FB02114B68DA6847
:104E2000074B1A601B68074A58331360D1E700BF6D
:104E30006402002078020020840200200003002089
:104E40008C0300203800002010B50C4640B94FF00C
:104E5000500383F31188BFF36F8FBFF34F8FFEE7CB
:104E6000054B19681831FFF738F82046BDE81040A7
:104E70000121FFF70DBC00BF8C03002038B50D46A3
:104E8000144640B94FF0500383F31188BFF36F8F7E
:104E9000BFF34F8FFEE7084B19681831FFF712F880
:104EA000002C214608BF2846BDE8384018BF4FF007
:104EB000FF30FFF7EDBB00BF8C03002038B5C3689F
:104EC000DC6844B94FF0500383F31188BFF36F8F50
:104ED000BFF34F8FFEE704F118052846FFF714F8DB
:104EE000114B1B68E3B9251D2846FFF70DF8012378
:104EF0000E49E26A08689340034314200B60294678
:104F00000B4B00FB0230FEF7DDFF0A4BE26A1B6829
:104F1000DB6A9A4285BF0120074B0020186038BD2C
:104F200029460648EFE700BF640200208402002003
:104F3000000300208C03002078020020BC02002027
:104F4000034B1B680360034B1B684360704700BF43
:104F5000740200208802002070B50C46054640B956
:104F60004FF0500383F31188BFF36F8FBFF34F8F60
:104F7000FEE741B94FF0500383F31188BFF36F8F01
:104F8000BFF34F8FFEE700F0FDFB0F4B196823685E
:104F90005A1C10D00D482E6800686A68864201D0FD
:104FA0008A420FD9881A83420AD95B1A13442846C9
:104FB0002360FFF7C5FF002400F004FC204670BD0D
:104FC000002323600124F7E78802002074020020F8
:104FD0000122014B1A60704778020020054B1B68C4
:104FE00033B1054B1868B0FA80F0400940007047B3
:104FF000012070478002002064020020F8B50446BA
:10500000002830D01E4DC36A2A68D26A93422FD23C
:1050100082691C4E002AA1BF2A68D26AC2F1070227
:105020008261142202FB036342699A421CD1071D6C
:105030003846FEF769FF144A30B90121E06A136867
:10504000814023EA010313602B681168D86A0123A9
:1050500083400B4313601423E062394603FB006076
:10506000FEF730FF0120F8BD2B68DB6AC362F9E769
:105070002B68C06CDB6A98422CBF00200120F2E74D
:105080008C0300200003002084020020F8B50446B1
:1050900008B90020F8BD224B1B68834208D04FF0AE
:1050A000500383F31188BFF36F8FBFF34F8FFEE779
:1050B0001B6D43B94FF0500383F31188BFF36F8F1B
:1050C000BFF34F8FFEE7C16AC26C013B914203659B
:1050D000DFD0002BDDD1061D3046FEF715FF114F46
:1050E000114A50B91423E16A4B43FB582BB90125EF
:1050F00013688D4023EA05031360E36C1420C3F1A9
:105100000701A161E3620124116804FA03F500FBC1
:1051100003700D4331461560FEF7D4FE2046B9E713
:105120008C030020000300208402002070B5044698
:10513000002849D0026D42B94FF0500383F3118823
:10514000BFF36F8FBFF34F8FFEE7C36C994238BF39
:105150001946C36A8B4237D0012A35D11B4A1268DF
:10516000824208D14FF0500383F31188BFF36F8F51
:10517000BFF34F8FFEE78269154D002A4FF01402EE
:1051800002FB03534269C162A4BFC1F107018161FF
:105190009A4219D1061D3046FEF7B6FEE46A0D4A62
:1051A00028B901201368A04023EA000313600123FB
:1051B00014201168A3400B4300FB04503146BDE8A6
:1051C00070401360FEF77EBE70BD00BF8C030020F0
:1051D0000003002084020020044B1A681AB11968E9
:1051E0000A6D01320A651868704700BF8C03002001
:1051F000914208B5416000610AD8D21A83699A4287
:105200000DD2084B011D1868FEF767FE002008BD8F
:105210009A4201D2994202D2034B011DF3E70120C9
:10522000F5E700BF9C030020A0030020F8B50F4C59
:1052300000F0A8FA2568ADB90D4F0E4E3846FEF7BE
:1052400033FE3046FEF730FE0B4B2A461F600B4BF9
:105250000C210A201E60FEF730FF206010B10849C3
:10526000FFF7E0F9BDE8F84000F0ACBA9803002081
:10527000B8030020A4030020A00300209C0300200A
:105280006DC6000807B5FFF7D1FF0F4B1B6843B988
:105290004FF0500383F31188BFF36F8FBFF34F8F2D
:1052A000FEE70A4B0A4A01930223D20852000093F8
:1052B00008490023084892B2FFF77AFA0028E7D09D
:1052C00003B05DF804FB00BF9803002094030020A6
:1052D0000004000072C60008D55300087FB51646CA
:1052E00004461A4640B94FF0500383F31188BFF3C8
:1052F0006F8FBFF34F8FFEE70C4D286878B10529FB
:10530000CDE9011603940CDCFFF768FE00230228A8
:1053100014BF1A46089A286801A9FEF7F2FE04B0E5
:1053200070BD002301A9FEF7C3FFF8E79803002032
:105330002DE9F3470646FFF703FCDFF88C800546AE
:10534000D8F80030834209D9204F3B681A686AB9FF
:105350001F4A116813603960012300E000232846CA
:105360003360C8F8005002B0BDE8F087DB68DC6845
:10537000D3F8009004F1040A5046FEF7C5FD236AF5
:105380002046984794F828305B07DED5A3694B4444
:10539000994506D25146386863602461FEF79DFD49
:1053A000D3E700234A46194620460093FFF796FFAD
:1053B0000028CAD14FF0500383F31188BFF36F8FD9
:1053C000BFF34F8FFEE700BF90030020A003002033
:1053D0009C0300202DE9F043694D6A4E87B02B688D
:1053E000D3F80080B8F1000F35D00024DB68D3F883
:1053F0000080FFF79DFB03A8FFF79AFF039B814600
:10540000002B6AD1002C4DD1404551D3FFF740FC11
:105410002B68DB68DF68381DFEF776FD97F82830CB
:1054200058071AD5B96943464A4638464144FFF7FA
:10543000DFFEB0B123464246214638460094FFF7CE
:105440004DFF70B94FF0500383F31188BFF36F8F96
:10545000BFF34F8FFEE70124CBE723F0010387F86A
:10546000283038463B6A98470022306803A9FEF787
:105470007CFF0028B3D0039B002BF5DB059C636900
:1054800013B1201DFEF740FD02A8FFF751FF039B5B
:105490000246092BE8D8DFE803F02323234C536BA3
:1054A00023234C53384B1B681C68B4FA84F46409FA
:1054B00022463068A8EB0901FFF7C6F8FFF7E8FBC2
:1054C0000028D1D14FF0E0234FF08052C3F8042DD3
:1054D000BFF34F8FBFF36F8FC6E7FFF7D9FBC3E76B
:1054E00094F82830A16943F0010384F82830049B24
:1054F00020461944FFF77CFE0028B5D0236A2046D9
:10550000984794F828305907AED50023A26904992A
:1055100020460A4400931946FFF7E0FE0028A3D175
:105520004FF0500383F31188BFF36F8FBFF34F8F9A
:10553000FEE794F8283023F0010384F8283093E73D
:1055400094F8283043F0010384F828300499A161CD
:1055500041B94FF0500383F31188BFF36F8FBFF34E
:105560004F8FFEE7034601442046FFF741FE7BE7ED
:1055700094F828309A07DED4204600F0A9F873E7A3
:10558000A0030020980300209C03002041F658321D
:10559000054B1B68B3FBF2F3002243439A4200D150
:1055A000704700BF0132F9E72400002038B50446F7
:1055B00072B60121252004F02DF8002501212520B7
:1055C00004F086F84FF49670FFF7E0FF00212520E5
:1055D00004F07EF801354FF49670FFF7D7FFAC4228
:1055E000ECD14FF4FA60FFF7D1FFE6E700F092BA92
:1055F000042008B5FFF7DAFF08B5FFF7F9FF05202B
:1056000008B5FFF7D3FF08B5FFF7F9FF062008B587
:10561000FFF7CCFF08B5FFF7F9FF704708B5FFF7B4
:10562000DDFC012803D0BDE8084000F003B908BD47
:10563000F8B50C46174907460B684BB9164A174B85
:105640009B1A174A22F003029B1A164A0B6013603A
:10565000FFF7C4FC01280FBF6D46114B0F4D23F01F
:10566000030318BFED1AFFF763FA0F4B1E683219D8
:10567000AA4207D90C233B60FFF70AFB4FF0FF3625
:105680003046F8BD1A60074A13681B1B1360FFF70A
:10569000FFFAF5E7CC030020480E00200050002060
:1056A00000040000D003002028000020EFF3058351
:1056B0000BB9FFF73DBA4FF0500383F31188BFF3E6
:1056C0006F8FBFF34F8FFEE7FFF7E2BA06F008BB1C
:1056D00006F00EBB06480068006880F3088862B6D2
:1056E00061B6BFF34F8FBFF36F8F00DF00BF0000C5
:1056F00008ED00E0002382B001930D4B1B680133DD
:1057000008D04FF0500383F31188BFF36F8FBFF3BE
:105710004F8FFEE74FF0500383F31188BFF36F8F75
:10572000BFF34F8F019B002BFCD002B0704700BF2E
:105730002C0000204FF0807340F8043C054B21F012
:10574000010140F8081C40F80C3C40F8202C40387F
:10575000704700BFF5560008000000000000000080
:10576000074B19680868B0E8F00F80F30988BFF3A9
:105770006F8F4FF0000080F311884EF00D0E7047D0
:105780008C0300204FF0500383F31188BFF36F8F19
:10579000BFF34F8F0A4A13680133012B13600ED1F8
:1057A0004FF0E023D3F8043DDBB243B14FF0500398
:1057B00083F31188BFF36F8FBFF34F8FFEE77047FE
:1057C0002C000020084A136843B94FF0500383F3BC
:1057D0001188BFF36F8FBFF34F8FFEE7013B13605C
:1057E0000BB983F3118870472C00002000000000E3
:1057F000EFF30980BFF36F8F0D4B1A6820E9F00FAC
:1058000010602DE908404FF0500080F31188FFF739
:10581000D9FA4FF0000080F31188BDE808401968FC
:105820000868B0E8F00F80F30988BFF36F8F704706
:105830008C03002008B54FF0500383F31188BFF3A9
:105840006F8FBFF34F8FFFF781F928B14FF0E0233F
:105850004FF08052C3F8042D002383F3118808BD54
:105860004FF0E02200234FF47A7113619361044BEF
:105870001B68B3FBF1F3013B5361072313617047CE
:105880002400002013B5274B1A78D2B20192FF22D0
:105890001A701B78244ADBB28DF803309DF8033070
:1058A00003F0500313700723204A13609DF8031080
:1058B000136809060AD4032B11D04FF0500383F369
:1058C0001188BFF36F8FBFF34F8FFEE7013B13606B
:1058D0009DF803305B00DBB28DF80330E6E74FF450
:1058E00040731360019B0F4ADBB213704FF0E0234B
:1058F0000024D3F8202D42F46002C3F8202DD3F801
:10590000202D42F06042C3F8202DFFF7A9FF084B7D
:105910001C60FFF7DFFEFFF755FA2046FFF7EAFEAF
:1059200002B010BD00E400E0D8030020D403002042
:105930002C000020EFF305830F2B0ED9114A9B5C3E
:10594000114A12789A4208D94FF0500383F3118814
:10595000BFF36F8FBFF34F8FFEE74FF0E0230B4A8B
:10596000D3F80C3D126803F4E063934208D94FF07A
:10597000500383F31188BFF36F8FBFF34F8FFEE7A0
:10598000704700BFF0E300E0D8030020D4030020FC
:10599000BFF34F8F0549064BCA6802F4E062134318
:1059A000CB60BFF34F8F00BFFDE700BF00ED00E00D
:1059B0000400FA0510B50446052103F02BFE20462D
:1059C000BDE81040012103F083BE01F51C414131C7
:1059D00001F0C0BD38B5314C314D20460021314A6F
:1059E000FFF7F3FF20466A780121FFF7EEFF2E4B09
:1059F00020461A780221FFF7E8FF20462A8B04216F
:105A0000FFF7E3FF20466A890521FFF7DEFF204606
:105A1000AA890621FFF7D9FF2046EA890721FFF767
:105A2000D4FFEA8A204652BA082192B2FFF7CDFF8E
:105A3000AA8A204652BA092192B2FFF7C6FF204631
:105A40006A8B1821FFF7C1FF2046AA8B1921FFF7A7
:105A5000BCFF2046EA8B1A21FFF7B7FF20462A8CAD
:105A60001B21FFF7B2FF20462A8D1C21FFF7ADFF57
:105A70002046EA8C1D21FFF7A8FF2046AA8D1E2193
:105A8000FFF7A3FF20466A8C1F21FFF79EFF2046E9
:105A9000AA8C2021BDE83840FFF797BF30040020D2
:105AA00094050020FCF90300910500204FF4A17338
:105AB00013B503804FF4E133436003230381114B9B
:105AC00004461A689B88C0F80A20A822C381C02116
:105AD00000920123103003F029FB0B4A0B4B2046A8
:105AE000C4E9062303F1085303F538132362084B76
:105AF00000226362022384F82A202385A38502B052
:105B000010BD00BF20C100080500F0555E015E0118
:105B10008C23AC0D7047000070B504460D460B4E4B
:105B20004FF0FF313068FEF7BFFC214608484DB109
:105B300003F048FB002330681A46BDE87040194660
:105B4000FEF7DFBA03F020FBF4E700BFCC0500202E
:105B5000C80A0020F0B587B003F032FE1D4C4FF0AC
:105B6000FF3105462068FEF79FFC1B491B4803F0E8
:105B700033FB002320681A461946FEF7C2FA0024B8
:105B8000174E204616F8017B02F0A2FF874203D091
:105B90003946204602F0D4FF0134302CF1D11149AE
:105BA00003A803F0C5FB03F00BFE0A22411B684665
:105BB00003F01DFC694603A803F042FC0121FFF736
:105BC000ABFF684603F072FB03A803F06FFB07B05E
:105BD000F0BD00BFCC0500207AC60008C80A00202E
:105BE000940500208BC60008B34B2DE9F04F5A6E88
:105BF000B248B34DC0F884201B6E9FB00021C0F89E
:105C0000883002F055FB4FF0FF312868FEF74CFC5E
:105C1000AC49AD4803F0E0FA002328681A4619465B
:105C2000FEF76FFA0026A94FDFF8A492DFF89882FA
:105C30000121384602F0B9FD384602F0AEFD0446B7
:105C40004FF0FF312868002C00F05A810FF26029D4
:105C5000D9E90089FEF728FC9E499B4803F0BCFA6D
:105C6000002328681A461946FEF74BFA9A4C03F0AF
:105C7000A7FD9A4B1B68C01AB0F57A7F40F21281DB
:105C80000021924802F063FE012120808F4802F03B
:105C90005EFE022160808D4802F059FE0321A08043
:105CA0008A4802F054FE0F21B4F90020E0808C48AD
:105CB000FFF78BFE1021B4F902208948FFF785FE1B
:105CC0001121B4F904208648FFF77FFE1221B4F9B0
:105CD00006208348FFF779FEB4F90010814D0029B2
:105CE0006B8C40F34D8181FB0363590442464B4664
:105CF000700441EAD631FAF7FFFCB0F5803F71F14C
:105D00000001074601D34FF6FF77B4F90210AB8CC0
:105D1000002940F3378181FB0353590442464B4627
:105D2000680441EAD531FAF7E7FCB0F5803F71F13C
:105D30000001064601D34FF6FF763A461421684823
:105D4000FFF743FE324615216548FFF73EFE6649E0
:105D500003A803F0EDFA0A22B4F90010684603F034
:105D600034FB694603A803F06BFB604903F074FB46
:105D700005460A22B4F9021006A803F026FB2846BD
:105D800006A903F05DFB4FF0640A594903F064FB78
:105D9000B7FBFAF583460A22294609A803F027FB38
:105DA000584609A903F04CFB524903F055FB0AFB86
:105DB00015710A2583462A46B1FBF5F10CA803F0BC
:105DC00016FB58460CA903F03BFBB7FBF5F18346E5
:105DD0002A4605FB11710FA803F009FB58460FA9CD
:105DE00003F02EFB444903F037FBB6FBFAF783467A
:105DF0002A46394612A803F0FAFA584612A903F0C7
:105E00001FFB3C4903F028FB83460AFB17612A4627
:105E1000B1FBF5F115A803F0EAFA15A9584603F00D
:105E20000FFBB6FBF5F107462A4605FB116118A8E2
:105E300003F0DDFA18A9384603F002FB2F4903F0FE
:105E40000BFB0646274B2A4693F82A101BA803F0A3
:105E5000ABFA1BA9304603F0F3FA0121FFF75CFE11
:105E60001BA803F023FA18A803F020FA15A803F0E2
:105E70001DFA12A803F01AFA0FA803F017FA0CA8DB
:105E800003F014FA09A803F011FA06A803F00EFAB9
:105E9000684603F00BFA03A803F008FA03F090FC3D
:105EA0000E4B18600A20FEF769FFE0E6AFF30080B2
:105EB00010AAF72A0000000068C50008D8050020D5
:105EC000CC0500209CC60008C80A0020E80300207A
:105ED000B0C60008E9C6000888050020E4030020D9
:105EE0003004002094050020F9C6000804C700080B
:105EF0000BC70008E0C8000812C7000818C7000850
:105F0000FEF7D2FA4946404603F066F901362346C9
:105F1000224621462868FEF7F4F8F6B24FF47A706C
:105F2000FEF72CFF052E7FF683AE4FF0FF31286879
:105F3000FEF7BAFA4046144903F04EF923462246CA
:105F400021462868FEF7DDF847F6FF720F210F485B
:105F5000FFF73BFD47F6FF7210210C48FFF735FDB8
:105F600047F6FF7211210948FFF72FFD47F6FF7230
:105F700012210648FFF729FD2046FEF71DFD57E6D2
:105F80000027C2E60026D8E6CFC60008300400206D
:105F900070B504460D460B4E4FF0FF313068FEF7EA
:105FA00083FA214608484DB103F016F90023306802
:105FB0001A46BDE870401946FEF7A3B803F0E9F8A9
:105FC000F4E700BFCC050020C80A002000B501217D
:105FD0008DB01B48FFF7DCFF6846FFF767FD194BE4
:105FE000BDF8002006981A80019A98615A60BDF8A1
:105FF000082007981A81059ABDF828105A619DF863
:106000002A20D86183F82A200898BDF82C2018622D
:10601000198509980C499A850C4A5862D2F8E827E4
:10602000B1F8E800B1F8EC105881100C120E18739A
:106030005A73D9810DB05DF804EBFFF78BBD00BF3B
:1060400022C700089405002000F7FF1F00F0FF1F83
:10605000642008B5FEF792FE01210548FFF798FF7E
:10606000044C0120FEF78AFE204601F0ADFCF8E763
:1060700039C7000804040020642008B5FEF77EFE3E
:1060800001210548FFF784FF044C0120FEF776FE4E
:10609000204601F01DFEF8E750C70008300400203C
:1060A00070B504460D460B4E4FF0FF313068FEF7D9
:1060B000FBF9214608484DB103F08EF80023306803
:1060C0001A46BDE870401946FEF71BB803F061F8A8
:1060D000F4E700BFCC050020C80A002070B50446D4
:1060E0000D460B4E4FF0FF313068FEF7DDF92146CB
:1060F00008484DB103F070F8002330681A46BDE837
:1061000070401946FDF7FDBF03F043F8F4E700BF08
:10611000CC050020C80A0020642008B5FEF72EFE3A
:1061200001216D48FFF7DAFF6C4E6D4C6D4D01207B
:10613000FEF724FE03F044FB33689842F7D003F0E7
:106140003FFB30601C2003F0FDFA00285BD00021EB
:10615000654B21701A7861F300021A701D2003F05C
:10616000F1FA00285CD000215F4B61701A7861F36E
:1061700041021A701E2003F0E5FA00285DD00021CC
:10618000594BA1701A7861F382021A701F2003F034
:10619000D9FA00285ED00021534BE1701A7861F3E0
:1061A000C3021A70082003F0CDFA00285FD0002146
:1061B0004D4B21711A7861F304121A70C82003F054
:1061C000C1FA002860D00021474B61711A7861F351
:1061D00045121A700B2003F0B5FA002861D0002197
:1061E000414BA1711A7861F386121A700C2003F0EA
:1061F000A9FA002862D000213B4BE1711A7861F3C3
:10620000C7121A7093E723782A8B9342ABBF364AA2
:10621000013313782370A4BF43F0010313709DE78B
:1062200063782A8B9342ABBF2F4A01331378637094
:10623000A4BF43F0020313709CE7A3782A8B934218
:10624000ABBF294A01331378A370A4BF43F0040302
:1062500013709BE7E3782A8B9342ABBF224A01334A
:106260001378E370A4BF43F0080313709AE723790F
:106270002A8B9342ABBF1C4A013313782371A4BF0E
:1062800043F01003137099E763792A8B9342ABBFF5
:10629000154A013313786371A4BF43F020031370D0
:1062A00098E7A3792A8B9342ABBF0F4A0133137847
:1062B000A371A4BF43F04003137097E7E3792A8BDF
:1062C0009342ABBF084A01331378E371A4BF43F094
:1062D000800313702BE700BF67C700087C05002010
:1062E00080050020940500209005002070B54FF433
:1062F000FA70FEF743FD01211548FFF7EFFE154A3E
:106300001549164802F090FB03F05AFA002604469D
:10631000124D6420FEF732FD03F052FA001BC8282C
:1063200005D9284602F0A2FB03F04AFA04460021F0
:10633000284602F0A7FB40B1284602F0B5FB002139
:10634000202003F0C5F90126E3E7002EE1D0F6E7AF
:106350007DC7000800E78F01801A0600C4060020F0
:1063600070B504460D460B4E4FF0FF313068FEF716
:106370009BF8214608484DB102F02EFF00233068FB
:106380001A46BDE870401946FDF7BBBE02F001FF9A
:10639000F4E700BFCC050020C80A002030B597B054
:1063A000694607A8FCF71CF9A5490CA802F0C0FF34
:1063B0000A22089904A803F01AF804A90CA803F00B
:1063C0003FF80121FFF7A8FB04A802F06FFF0CA81B
:1063D00002F06CFF9B490CA802F0AAFF0A22079961
:1063E00004A803F004F804A90CA803F029F801217B
:1063F000FFF792FB04A802F059FF0CA802F056FF29
:1064000091490CA802F094FF0A22099904A802F00D
:10641000EEFF04A90CA803F013F80121FFF77CFBA1
:1064200004A802F043FF0CA802F040FF87490CA823
:1064300002F07EFF0A220A9904A802F0D8FF04A9FC
:106440000CA802F0FDFF0121FFF766FB04A802F093
:106450002DFF0CA802F02AFF7D490CA802F068FF6E
:106460000A220B9904A802F0C2FF04A90CA802F0AA
:10647000E7FF0121FFF750FB764C04A802F016FF5E
:106480000CA802F013FF01212046FFF769FF0CA8BA
:10649000FCF770F8704904A802F04AFF0A220F992D
:1064A00001A802F0A4FF01A904A802F0C9FF01217C
:1064B000FFF732FB01A802F0F9FE04A802F0F6FE95
:1064C000664904A802F034FF0A220D9901A802F0DF
:1064D0008EFF01A904A802F0B3FF0121FFF71CFB06
:1064E00001A802F0E3FE04A802F0E0FE5C4904A863
:1064F00002F01EFF0A22159901A802F078FF01A9F7
:1065000004A802F09DFF0121FFF706FB01A802F09D
:10651000CDFE04A802F0CAFE524904A802F008FF0A
:106520000A22149901A802F062FF01A904A802F04E
:1065300087FF0121FFF7F0FA01A802F0B7FE04A8D7
:1065400002F0B4FE484904A802F0F2FE0A221399B0
:1065500001A802F04CFF01A904A802F071FF01217B
:10656000FFF7DAFA01A802F0A1FE04A802F09EFEED
:1065700020460121FFF7F4FE3C4904A802F0D8FEB2
:10658000FBF716FF0A22014601A802F030FF01A91D
:1065900004A802F055FF0121FFF7BEFA01A802F09E
:1065A00085FE334D04A802F081FE324904A802F0B2
:1065B000BFFE1022D5F8E81701A802F018FF01A9C4
:1065C00004A802F03DFF0121FFF7A6FA01A802F09E
:1065D0006DFE04A802F06AFE274904A802F0A8FE96
:1065E0001022D5F8EC1701A802F001FF01A904A8B8
:1065F00002F026FF0121FFF78FFA01A802F056FEF4
:1066000004A802F053FE1D4904A802F091FE1022D6
:10661000D5F8F01701A802F0EAFE01A904A802F0DB
:106620000FFF0121FFF778FA01A802F03FFE04A84E
:1066300002F03CFE01212046FFF792FE17B030BD6C
:1066400093C70008A1C70008ADC70008BCC7000871
:10665000CCC70008FECC0008DCC70008E6C700086D
:10666000F0C70008FCC700080BC8000819C80008DC
:1066700000F0FF1F20C800082AC8000834C800081E
:106680002DE9F04F4FF4FA7095B0FEF777FB01213A
:10669000C748C84CFFF704FDFFF79CF90121C64825
:1066A000FFF75EFEC54911A802F042FE0A222178DA
:1066B0000EA802F079FE0EA911A802F0C1FE012178
:1066C000FFF72AFA0EA802F0F1FD11A802F0EEFD84
:1066D000BB4911A802F02CFE0A2261780EA802F034
:1066E00063FE0EA911A802F0ABFE0121FFF714FA18
:1066F0000EA802F0DBFD11A802F0D8FDB14911A8E7
:1067000002F016FE0A2261680EA802F070FE0EA9C1
:1067100011A802F095FE0121FFF7FEF90EA802F084
:10672000C5FD11A802F0C2FDA74908A802F000FEAD
:106730000A22217D05A802F037FE05A908A802F06B
:106740007FFEA24902F088FE05460A22617D0BA861
:1067500002F02AFE28460BA902F072FE9B4902F0C5
:106760007BFE05460A22A17D0EA802F01DFE2846EA
:106770000EA902F065FE954902F06EFE05460A225A
:10678000E17D11A802F010FE284611A902F058FE82
:106790000121FFF7C1F911A802F088FD0EA802F04F
:1067A00085FD0BA802F082FD05A802F07FFD08A878
:1067B00002F07CFD864911A802F0BAFD0A224FF4CE
:1067C000FB710EA802F001FE0EA911A802F038FE1E
:1067D0000121FFF7A1F90EA802F068FD11A802F04F
:1067E00065FD7C490BA802F0A3FD0A22A17A08A846
:1067F00002F0DAFD08A90BA802F022FE764902F0A9
:106800002BFE05460A22E17A0EA802F0CDFD2846AD
:106810000EA902F015FE704902F01EFE05460A227E
:10682000217B11A802F0C0FD284611A902F008FE44
:10683000694902F011FE0021FFF76EF911A802F07C
:1068400035FD0EA802F032FD08A802F02FFD0BA8BE
:1068500002F02CFD0A22617B08A802F0A5FD08A920
:106860000BA802F086FD5C490BA802F0F5FD054679
:106870000A22A17B0EA802F097FD28460EA902F07D
:10688000DFFD554902F0E8FD00260546B146B04659
:10689000B2460A22E17B11A802F086FD11A9284622
:1068A00002F0CEFD0121FFF737F911A802F0FEFC3E
:1068B0000EA802F0FBFC0BA802F0F8FC08A802F0FE
:1068C000F5FC01213C48FFF74BFDCDE90066434F45
:1068D00002960A20FEF752FA49F64441384600F083
:1068E00040FE85B2002D00F0DD80002203213846F5
:1068F000FFF76BF80A2D40F02E82394802F0B6F807
:1069000049F64541384600F02CFE238B80B2421EEA
:10691000632A88BF184649F646412083384600F06E
:1069200020FE49F64641A072384600F01AFE000AE1
:1069300049F64741E072384600F013FE49F64741F8
:106940002073384600F00DFE000A49F64841607396
:10695000384600F006FE49F64841A073384600F07C
:1069600000FE000A49F64A41E073384600F0F9FD9E
:10697000000A49F64A412075384600F0F2FD49F612
:1069800049416075384600F0ECFD000A49F649417E
:10699000A075384600F0E5FD49F65941E0753846E6
:1069A00000F0DFFD47F23052638B80B21AE000BF87
:1069B0003EC8000894050020FECC000850C800081E
:1069C00064C8000868C8000872C80008E0C8000869
:1069D00076C800087CC8000881C800083004002080
:1069E000C4060020904288BF184649F65A41608389
:1069F000384600F0B6FD40F26C7180B2A28BA0F177
:106A000064039BB28B4288BF104649F65B41A0836A
:106A1000384600F0A6FDE38B80B2B0F5FA6F88BF70
:106A2000184649F65C41E083384600F09AFD238C15
:106A300080B2B0F5FA6F88BF184649F65D412084F0
:106A4000384600F08EFD238D80B2022888BF18469C
:106A500049F65E412085384600F083FD41F29411ED
:106A600080B2E28CA0F5FA739BB28B4288BF1046CD
:106A700049F65F41E084384600F073FDA38D80B293
:106A8000022888BF184649F66041A085384600F0C4
:106A900068FD49F661416084384600F062FDA084DB
:106AA000FFF758F8B04D009B2A78D1075ABF23F062
:106AB00001039BB243F0010390075ABF23F0020386
:106AC0009BB243F0020351075ABF23F004039BB269
:106AD00043F0040310075ABF23F008039BB243F0AE
:106AE0000803D1065ABF23F010039BB243F01003F2
:106AF00090065ABF23F020039BB243F020035106B7
:106B00005ABF23F040039BB243F04003120656BF26
:106B100023F0800343F080039BB200930B2138469F
:106B2000009AFEF752FF49F64D41384600F019FD34
:106B3000824529D049F64D41384600F012FD49F60C
:106B40005D418246384600F00CFDC0B2022802BF0B
:106B50002878C04300F001001AF0020F0CBF012199
:106B600000211AF0200F0CBF4FF0010B4FF0000B6B
:106B7000002840F01081132002F0AAFD594617208A
:106B800002F0A6FD1FFA8AFA02F01AFE019BC01A53
:106B9000B0F57A7F7FF69DAE02F012FE029B019067
:106BA00083F0010319462120029302F091FD4FF476
:106BB0007A72019B0A21B3FBF2F23846FEF705FF19
:106BC00049F65541384600F0CCFC49F65641039051
:106BD000384600F0C6FC654B83461A883AB9A28B4A
:106BE0006349002A08BF4FF4AF721A800A8049F641
:106BF0005D41384600F0B5FCC0B2022808BF2878D5
:106C00005A4B04BFC04300F001001FFA8BFB002861
:106C100040F0EC80574A94F82A10157805B31070AC
:106C2000554A48B292F90020801A0028B8BF404265
:106C300042B2002A14DD514A1268002A10DDA2EB8C
:106C40000B02002A0CDD92FBF0F292B2A2F164007A
:106C5000B0F5C87F88BF4FF4AF7245481A800280F4
:106C60001A8812B94FF4AF721A80414A108808B9D5
:106C70001B881380638B1088A3EB0B05A8423B4A4B
:106C800080F2A380138895FBF3F3DBB2012B2CBFBA
:106C9000CA184A1C072A134628BF07238B4209D06B
:106CA000364A84F82A30C2F800B0334A314B1170AA
:106CB00001221A7094F82A30314A072B28BF072383
:106CC00003EB4303D15CD518B1FA81F114204909D3
:106CD00002F0FEFC69781520B1FA81F1490902F051
:106CE000F7FCA9781620B1FA81F1490902F0F0FC0D
:106CF0001621384694F82A20FEF767FE1B4B1C4DE0
:106D00001A8819213846FEF760FE1A212A8838466B
:106D1000FEF75BFE1B212A883846FEF756FEBDF8BB
:106D20000C30A3EB0B03039302F04AFD104A054617
:106D30001188608B039B42185A45A0EB0100E28C3E
:106D400072DB584500F39880934200F30B814FF0BB
:106D50000008464672E0142D02D1FEF73BFEA1E684
:106D60001E2D0FD1FEF714FE90050020E203002037
:106D7000E0030020D903002030000020DC030020C5
:106D800075CA0008422D7FF48DAE804801F06EFE7A
:106D9000FFF71CF9E6E7132002F09AFC1AF0040F43
:106DA0000CBF01210021142002F092FC1AF0080F00
:106DB0000CBF01210021152002F08AFC1AF0100FEF
:106DC0000CBF012100211620D6E6ABEB030398424D
:106DD000BFF670AF128893FBF2F3DBB2012B2CBF2E
:106DE000CA1A01F1FF3222EAE27357E70022684B28
:106DF000CAF38001CAF3C000CAF3001593F800C0BB
:106E00008C4507D193F801C0844503D193F802C0A3
:106E1000AC4507D00132082A03F10303EED100226A
:106E2000162179E7D2B2FBE7B8F1000F08D1584537
:106E30002ADC934200F3A1804646A84600250FE0D5
:106E400041F2873CA5EB080EE64594BF00210121E5
:106E500058452DDC93420BDD002E68D1E64577D8EE
:106E600001210F20B14602F033FC2E4600222FE014
:106E7000E64570D80026E1E7B9F1000F34D193421E
:106E8000C8462ADC2E46D9E7B9F1000F05D1934256
:106E9000A8467FF75EAF49460FE09342A846A5EBB0
:106EA000090042DC41F2873398424FD84E46C5E78D
:106EB000B9F1000F20D1934211DD002E3BD12E46B7
:106EC0000029CDD0A94600210F2002F001FC0122AB
:106ED00017213846FEF779FDFBE44946EDE7E64524
:106EE000D0D94E46A946EEE793424FF00008A5EBF5
:106EF0000900D7DD414603E09342A5EB090023DDFD
:106F0000DEB141F28733984294BF0023012341F25E
:106F10008732AD1B9542D6D80029D4D1002BD2D1CF
:106F200001210F2002F0D4FBA0E70021E8E74FF099
:106F300000090023EBE7A946FBE751B941F287338B
:106F4000984206D84E468BE7E645ABD90026BAE70D
:106F5000B1462E46B7E74FF00009F7E7B0467FE7A6
:106F6000A8467DE7002EF9D04FF0000841F28733A4
:106F7000C146AD1B9D42A6D8D2E7002EF0D041F20B
:106F80008733AA1BC1469A42A846F4E7C4060020EC
:106F900075CA00082DE9F041092188B0C64801F002
:106FA000A5FF0A21C44801F07DFF06224FF4E1311C
:106FB000C14802F023F8C14905A802F0B9F90A2234
:106FC000BF4902A802F001FA02A905A802F038FAA6
:106FD0000146B94802F0F6F802A802F067F905A8E0
:106FE00002F064F9B749B44802F0F6F80121B64856
:106FF000FFF7B6F9FFF7D2F902F0E2FBB34E07460E
:107000000121B348FFF74CF800253446284601F02B
:107010005FFD0135302D06F8010BF7D12378AD4E19
:10702000422B02D12389032B10D04FF0FF3130685F
:10703000FDF73AFAA849A04802F0CEF800233068DC
:107040001A461946FDF75DF8FEF7C0FFA34905A8EB
:1070500002F06EF902F0B4FB0A22C11B02A802F092
:10706000C6F902A905A802F0EBF90121FEF754FDCB
:1070700002A802F01BF905A802F018F9984A4FF08F
:10708000FF315368306823F0E06343F000735360CE
:10709000FDF70AFA9349884802F09EF80023306809
:1070A0001A461946FDF72DF80221222002F0B2FA05
:1070B0000221C02002F0AEFA0221C12002F0AAFA99
:1070C0000221C22002F0A6FA0221C32002F0A2FA95
:1070D00002211C2002F09EFA02211D2002F09AFAE1
:1070E00002211E2002F096FA02211F2002F092FADD
:1070F0000221082002F08EFA0221C82002F08AFA4A
:1071000002210B2002F086FA02210C2002F082FA02
:107110000F20FEF74FFC1320FEF74CFC1420FEF767
:1071200049FC1520FEF746FC1620FEF743FC17200D
:10713000FEF740FC2020FEF73DFC2120FEF73AFC44
:10714000C12002F0FFFA0546C02002F0FBFAB0FAB7
:1071500080F3B5FA85F25B0952095B00222043EA0D
:10716000820502F0EFFA002808BF45F001055E4FE6
:10717000C3203D7002F0E6FA0546C22002F0E2FAB2
:10718000B5FA85F3B0FA80F03A785B09400940EA35
:107190004300012A554B38BF0122022818702AD01B
:1071A00003282BD001280CBF4FF416534FF4E133C2
:1071B0004FF0FF31306862706360FDF775F94C493C
:1071C0003D4802F009F80023306819461A46FCF7DA
:1071D00098FF01214748FEF7DBFE6178464800F042
:1071E000A5FC6168444800F07FFCA38D4BB1012BE6
:1071F00060D0362206E04FF49643D9E74FF41643A9
:10720000D6E70E2261683D4801F0F8FE49F6414597
:1072100049F66247DFF8E08029460022364801350A
:1072200000F084F9BD42F7D1D8F81030344F354D15
:107230003B60D8F81430012133482B60FEF74EFF35
:1072400001213248FEF7A4FE314B05AA059363697C
:10725000304C31492046069300F0A2FB3B680121E7
:1072600023612B682D486361FEF738FF0121164822
:10727000FFF776F84FF0FF313068FDF715F9284930
:107280000D4801F0A9FF002330681A461946FCF7A3
:1072900038FF01210C48FFF763F800238022CDE975
:1072A000003320492048FDF783FA08B0BDE8F041DB
:1072B000FDF7F2BB2622A5E7C80A002083C8000814
:1072C000FCF9030093C80008FECC000894050020D8
:1072D000ADC80008CC050020BFC80008E2C80008FF
:1072E00000000140F6C8000892050020910500202A
:1072F00005C9000813C90008300400205C04002000
:1073000078050020740500202AC9000840C900083B
:10731000F8CC0008040400209E05002057C900088E
:107320006DC9000880C900086973000870B504467B
:107330000D460B4E4FF0FF313068FDF7B5F8214692
:1073400008484DB101F048FF002330681A46BDE8F7
:1073500070401946FCF7D5BE01F01BFFF4E700BFF3
:10736000CC050020C80A002037B50623002460227F
:10737000CDE90034324923463248FDF719FA01219C
:107380003148FEF705FE0523304D60220093304959
:10739000234601942F48FDF70BFA4FF0FF31286880
:1073A000FDF782F82C492D4801F016FF28680425C6
:1073B000234622462146FCF7A4FE23468022009560
:1073C000274901942748FDF7F3F901212648FFF7E3
:1073D000ADFFCDE90054032523464FF480722349C5
:1073E0002348FDF7E5F901212248FFF79FFF2346D7
:1073F0004FF4C0722049019400952048FDF7D8F958
:1074000001211F48FEF74CFE23464FF48072CDE960
:1074100000541C491C48FDF7CBF901211B48FEF71D
:107420003FFE01211A48FFF781FF01211948FEF7AD
:1074300097FF204603B0BDE83040FDF7BDBA00BF5E
:1074400092C90008ED6200089FC90008CC05002021
:10745000B6C9000819610008BFC90008C80A0020A1
:10746000DAC9000879600008EAC9000802CA000801
:107470005160000810CA000828CA0008E95B00082B
:1074800030CA000842CA0008816600084BCA0008DA
:107490005DCA0008FECC000837B50120FCF7EDFE00
:1074A000124B134D1860002312481A4619460093D8
:1074B00001F03CFE2846FEF7F9FA25230E4C009316
:1074C0001A221B21204601F047FC21466A78C92375
:1074D0000A4800F0FBFA0A4800F052FA4821094A2B
:1074E000094803B0BDE8304001F03CBACC050020AB
:1074F00094050020C40500205C0400203004002016
:1075000004040020D8050020E80300200022C0E980
:107510000022C0E90322028142617047006920B164
:1075200003688B4201D0C068F9E7704770B5044624
:1075300010200E46154604F0D3FB0023C0E90233A9
:107540002369C0E9006513B92061606170BD63699A
:10755000D860FAE708B5FFF7E1FF08B14260012003
:1075600008BD08B5FFF7DAFF00B1406808BD08B5EF
:10757000FFF7D4FF48B1806838B10368934205D85B
:10758000406890422CBF0020012008BD0120FCE78C
:1075900070B50D460221044601724068164604F09B
:1075A00051FC803D6060057063685E700323637208
:1075B00070BD01F51C4110B541310446FFF7D7FFFE
:1075C00030B103222046BDE810400621FFF7E0BF9E
:1075D0002046FFF7BFFF08B90222F3E702236372D8
:1075E00010BD2DE9F0471E461746721E7A2A044642
:1075F0000D469DF8203004D8B3EB460F4FEA460AFB
:1076000002D0032210211CE007F51C4808F14108B4
:10761000414606EB08022046FFF780FF08B9022228
:10762000F0E701318A42F6D1AA44EB79AA794146C2
:10763000204643EA0222FFF79AFF814630B1032237
:1076400006212046BDE8F047FFF7A2BF20460235DD
:10765000FFF780FFAA4508F10108E6D1606804F051
:1076600047FB0520207204F03BFB606008B9042250
:10767000C8E7102303703B0A43700323877080F828
:10768000039006716372BDE8F087F8B51D46013BB3
:107690007C2B04460E46174604D90322BDE8F84069
:1076A000FFF776BF691C4900C9B20172406804F057
:1076B000C9FB606018B9042231462046EEE7067027
:1076C000237A6268023B537047F2315249F64143D4
:1076D000032E18BF1346FA1803276D000335114611
:1076E0002046FFF71BFF80B12046FFF73AFF636893
:1076F000010A3B4403F8011C63680132D855023784
:10770000AF42ECD103236372F8BD0222D4E72DE926
:10771000F0411E46013BB3F5FA6F04460F46904612
:1077200004D30322BDE8F041FFF732BFC6F3C70020
:1077300073070CBF02300330C1B22172606804F0DD
:1077400081FB606018B9042239462046EAE70770D9
:10775000237A6268023B012F537042F2117208BF14
:107760000122002542444FF0010820465119FFF73D
:10777000D5FEF0B12046FFF7F4FED4F804E04FEA5E
:10778000D50C0CF1020C05F007031EF80C1008FADA
:1077900003F3B0F57F4FDBB205F101050CBF1943D0
:1077A0009943AE420EF80C10DFD103236372BDE89B
:1077B000F0810222C8E7B2F57F4F10B5044606D02B
:1077C0002AB103220521BDE81040FFF7E1BE2046A3
:1077D0000131FFF7BFFE18B9022205212046F2E76A
:1077E0000223637210BD2DE9F8431D468846DB086D
:1077F000690705F1FF3118BF0133B1F5F66F174680
:1078000004469DF8202001D2934206D00322204650
:10781000BDE8F8430F21FFF7BBBE002607F10109C1
:10782000204609EB0601FFF779FED0B108EBD6033D
:107830009B7906F00702134113F0010F14BF4FF4B8
:107840007F42002220460136FFF784FEB542E7D191
:1078500005216068217204F0F5FA606018B904220D
:10786000D5E70222D3E70F23037063683A0A5A7000
:1078700063682A0A9F706368DA7063681D71032366
:107880006372BDE8F883042310B5044603720068F0
:1078900018B1F8F74BFF04302072217A606804F0C9
:1078A000D1FA606030B92046BDE8104004221121B1
:1078B000FFF76EBE11230370237A6268023B537098
:1078C000002263689A70FF226368DA70216819B138
:1078D0006068043004F0B2FB0323637210BD73B51B
:1078E0000D78B1F80140B1F8033064BA5BBA6A1E92
:1078F000A4B29BB2102A3BD8DFE802F02121171E68
:1079000028093A3A3A3A3A3A3A3A2F1035001A46A2
:10791000214602B0BDE87040FFF74BBE4A790092A5
:107920002246FFF75EFE02B070BD2246032102B080
:10793000BDE87040FFF7A9BE22460421F7E72246C2
:10794000294602B0BDE87040FFF7E1BE1A46214665
:1079500002B0BDE87040FFF72EBF4A790092224680
:10796000FFF741FFDFE702B0BDE87040FFF78BBFD4
:107970000122294602B0BDE87040FFF709BE0000B1
:1079800010B50446FFF7C2FD0023E361034B204618
:10799000A3614FF4FB73238410BD00BF74CD0008B6
:1079A00013B5084B04460093536808466946019393
:1079B00002F010F904F1180002B0BDE8104002F026
:1079C0003DBB00BFF8CC0008F0B587B000AF00F1B8
:1079D00018010446381D02F069FB3B7D072B03D8D4
:1079E000381D02F04DF910B91C37BD46F0BD04F149
:1079F000230504F12A06381D02F03CFA30B1381D87
:107A000002F049FA05F8010FB542F4D194F82900C3
:107A1000E58C0138C0B22072002DE5D1C828E3D82A
:107A200004F05EF96060381D02F024FA40B1381DA0
:107A300002F031FA63685855237A0135AB42F2D12E
:107A400020466168FFF74BFF637A012B05D1606820
:107A500004F04EF900232372C6E7207A6E46431CD9
:107A60001A1284F8293000F10E0303F4FC73ADEB15
:107A7000030D6D46636A84F828200093238D6946C0
:107A8000ADF8043094F82A30C21D05F8063F0023F3
:107A9000984204DC381D02F0DEF9B546D7E7D4F889
:107AA00004C01CF803C0013305F801CFF0E7000063
:107AB000002307B51A4619460093034801F036FB28
:107AC00003B05DF804FB00BFD0050020F8B5044604
:107AD00015460F461E46FFF719FD84F82050204634
:107AE000C4E90676F8BD000038B50446C0690D4605
:107AF000002806DB012101F08DFD0021E06901F085
:107B0000E7FDB5F5964F9FBF064A074BB2FBF5F26E
:107B1000B3FBF5F384BF40F2EE2240F2D663C4E932
:107B2000092338BD20C5FB00A0764B0280F8201049
:107B30007047000070B50446C0690E46002805DB9A
:107B4000012101F0C5FD012001F03CFE0025217A54
:107B5000A069EAB29142036816D8DB6898470D4BDA
:107B60000D4A1B680D49B3FBF2F3A26A4868534300
:107B70004A68121A9342FBDCE069002802DB00210C
:107B800001F0A6FD012070BD1B68B15C984701356E
:107B9000DDE700BF2400002040420F00001000E09D
:107BA000C94370B5094DC9B2685C094EC043745CE5
:107BB000C0B213449A4202D144EA002070BD12F8C8
:107BC000011B4140685C6040745CF3E78DCB0008AA
:107BD0008DCA00082DE9F0410E780446FF2E0D46AF
:107BE00003D090F82030B3421DD1237A2046EA1802
:107BF00012F8028C12F8017C6268033B12F8011B38
:107C0000DBB2FFF7CDFF47EA0827B8420BD1204689
:107C1000691CFFF764FEFF2E02D00120BDE8F08151
:107C200001236372F9E70020F8E700002DE9F04135
:107C30000446C0690F46002805DB012101F048FD1C
:107C4000012001F0BFFDA06994F820100368002511
:107C50001B689847A669237A3268D2F80080EAB296
:107C6000934229D8626894F820102046FFF798FFC5
:107C70000546C0F307213046C047A069E9B2036852
:107C80001B689847A0690368DB6898470D4B0E4A4C
:107C90001B680E49B3FBF2F3A26A486853434A6873
:107CA000121A9342FBDCE069002802DB002101F09C
:107CB0000FFD0120BDE8F0813046B95CC0470135B9
:107CC000C8E700BF2400002040420F00001000E081
:107CD000002370B50446224D224E0372A06903684A
:107CE0001B699847237A98421BDCCBB1184603F0F6
:107CF000F7FF00256060237AEEB2B34222D8204617
:107D00006168FFF767FF30B1637A6168032B21D1A7
:107D10002046FFF78BFF606803F0EAFF0023237221
:107D200070BDA06903681B6998470F4A33682072C9
:107D3000B3FBF2F3626A696853436A68521A93426A
:107D4000FBDCCBE7A069013503685B699847636892
:107D50009855D0E7022BDED12046FFF7EBFEDAE79D
:107D6000001000E02400002040420F000020704777
:107D7000028BC08A101A70470346C28A018B914257
:107D800081BF0169885C0132DA8298BF4FF0FF3011
:107D90007047028BC38A9A4286BF0269D05C4FF05B
:107DA000FF307047806DD0F8DC302BB10023D43029
:107DB00020F8B23CC36818477047000070B54FF414
:107DC0007A730E460021C0E90113034615462B4A7B
:107DD000044643F8C42BC0F8C4109C22C3E9011127
:107DE000C0E93411C0E93611C0F8E010283004F0C1
:107DF0005FF8F3B2242B19D8214A06F4E06652F852
:107E000023301E43EBB2242BC4F8846022D81C4AD2
:107E100005F4E06552F823301D4300232046C4F8E2
:107E20008850E36123842361A38270BD06F0C00201
:107E3000C02A0CD1C92B0AD8124B06F03F0253F8C6
:107E400022200F4B06F4E06653F82230D9E74FF0BA
:107E5000FF36D7E705F0C002C02A0CD1C92B0AD8DB
:107E6000084B05F03F0253F82220054B05F4E0656E
:107E700053F82230D0E74FF0FF35CEE798CC00081A
:107E800068C5000840C5000838B50446283000F031
:107E9000DBFAE06918B103F02BFF0023E361002552
:107EA0002069258410B103F023FF2561A58238BD28
:107EB00038B505460446074B45F8D43BFFF7E4FFC9
:107EC0002846FBF71AF804F1C400FBF716F8204621
:107ED00038BD00BF98CC00080123994080F82430B9
:107EE000002381764384704738B5838A05468B42E8
:107EF0000C4609D2202938BF20240069214603F00E
:107F0000A1FF10B12861AC8238BDFEE773B5846D66
:107F10000546D4F8CC30866EE3B1E28A238B9A42D0
:107F200018D331462046FFF7DFFF3246206905F1BE
:107F3000740104F08BF80023E382D4F8CC3026835C
:107F400001960BB901F0B8FDD4F8D03001A904F1C5
:107F5000C400984702B070BDB1F5806F70B505469A
:107F60000C4610D8038C99420AD920290E4638BFF6
:107F70002026C069314603F065FF18B1E8612E8400
:107F8000204670BDFEE70024FAE713B590F82430D0
:107F900004468DF807107BB1418C0131FFF7DCFFFF
:107FA00040B10120638C9DF80710E269D154638CC5
:107FB0000133638402B010BD01220DF107012830A6
:107FC00000F080FAB0FA80F04009F3E770B590F85D
:107FD000243004460E46154693B1418C1144FFF7F8
:107FE000BBFF10B90025284670BD638CE0692A46A6
:107FF0001844314604F02AF8638C2B446384F2E77A
:1080000092B2283000F05EFA0028EBD1EBE703468D
:10801000006918B100219A8A03F04ABF70470346ED
:10802000C06918B100211A8C03F042BF704738B5FF
:108030000446D1B94FF42A03A36594F8BE30012B4E
:1080400016D1638CE269A17E04F1280000F0BBFA2E
:10805000042828BF042045B22046FFF7E0FF002394
:10806000638484F82430E8B238BD4FF02A43E3E754
:108070000425F8E72DE9F04790F8BEA00446BAF1D0
:10808000010F0F46164698469DF820509DF8249003
:1080900038D111467F00FFF727FFFFB2CDB1032D86
:1080A00028BF03250023013DEDB284F824A0A77664
:1080B0006384ED00236828FA05F120461B68C9B2E5
:1080C000083D984715F1080FF4D100212046FFF72D
:1080D000AEFFB9F1000F12D14FF42A03A365394660
:1080E0003346226904F1280000F006FA002818BF80
:1080F000002600232683E3823046BDE8F0874FF058
:108100002A43EBE70026F7E707B501930023009326
:10811000FFF7B0FF03B05DF804FB0123D2B2C9B290
:10812000FFF7F2BF0121FFF782BF38B500250446F3
:10813000C5820583FFF76BFF20466584FFF76FFF5D
:1081400038BD0000F8B50446D0F8840001F022FAEA
:10815000002101F05FFAD4F88420C2F30313042B4A
:1081600047D8274D274E55F8233002F00F029B6861
:1081700056F82220DB4303EA12239BB2002B3ED0A9
:10818000D4F8880001F006FA012101F043FAD4F88E
:1081900088001D4BC0F3031104291B682CD81B4C0D
:1081A0001427B3FBF4F30A2400F00F0256F8222040
:1081B0006343174CC2F30F2255F821C0CCF81420AA
:1081C000D4F804E06668A6EB0E06B342FADCCCF8FD
:1081D0001020D4F804C06668A6EB0C06B342FADCA3
:1081E000013FE9D101F0D6F93946BDE8F84001F088
:1081F00011BA00239B68FFDE00235B61FBE7F8BD3B
:108200000800002010C600082400002040420F0093
:10821000001000E02DE9F04100250446C5820583E9
:108220001F460E469046FFF7F2FE20466584A5766F
:10823000FFF7F5FED4F8DC30C4F8804033B104F128
:10824000D401032208469847C4E937550023012E7C
:1082500084F824304FEA460384F825300CBF01230C
:10826000002384F8BF8084F8BE3084F8C07002D147
:108270002046FFF767FF04F12805284694F82520DB
:10828000084900F029F894F8BE304BB92846064951
:1082900000F0F1F92846BDE8F041044900F0E4B9E6
:1082A000BDE8F081A0860100A57D00080D7F0008D3
:1082B0000A4600230121FFF7ADBF00001622172157
:1082C0000148FFF77BBD00BFD80500200148FFF73C
:1082D000EFBD00BFD8050020F7B50D461746044690
:1082E000002800F09F805049C06DFBF7C1FA4F494C
:1082F0000646206EFBF7BCFA0146002E00F0928085
:10830000002800F08F803046FBF7C9FA2060002873
:1083100000F08880464B261D984260D103F5DE337D
:10832000DA6942F40012DA61DA6902F400120092AA
:10833000009A1A6942F400121A611A6922F40012B2
:108340001A6142F21F03A4F864303A4B1E603749A9
:10835000206EFBF775FA3449E06DFBF771FA364B86
:1083600021689D4258D9354B9D4203D9344B9D42DB
:1083700088BF00234FF480420025C4E901134FF465
:108380008043C4E9053594F8973002215B1B18BF80
:1083900001239B01236294F89830C4E903275B1BF7
:1083A00018BF0123DB0163622A4694F96400E5618A
:1083B00084F84150F8F768FA94F96400F8F794FAF1
:1083C0002A46022194F96500F8F75EFA94F96500EF
:1083D000F8F78AFA3046F8F7BDFCF8B1FEE7194B1A
:1083E0009842B4D103F5DC33DA6942F48002DA61F1
:1083F000DA6902F480020192019A1A6942F4800259
:108400001A611A6922F480021A6142F22123A4F847
:108410006430084B5E609AE70022ADE70223A06655
:1084200084F8953003B0F0BD10C50008E0C4000822
:1084300000540040BC060020A0860100801A0600FF
:1084400040420F000058004010B5044690F9640007
:10845000F8F758FA94F96500F8F754FA201DF8F780
:1084600020FD0321206EFBF725F90321E06DFBF7CA
:1084700021F92368104A93420DD1104B1A6942F436
:1084800000121A611A6922F400121A61DA6922F4E0
:108490000012DA6110BD0A4A9342FBD1074B1A69F8
:1084A00042F480021A611A6922F480021A61DA69C0
:1084B00022F48002EDE700BF0054004000100240AB
:1084C00000580040202A30B514D800239CB2A242A4
:1084D00007D890F894301344DBB280F89430002031
:1084E00030BD90F89440CD5C1C44044484F8745032
:1084F0000133EBE70120F3E72DE9F34705460F468B
:1085000090469946F8F7A8F900240646D5F830A019
:1085100004354B46424639462846CDF800A0F8F7C8
:10852000F1FD022806D1F8F797F9841B642CF0D9E5
:1085300006201FE008BBF8F78FF906462846F9F732
:1085400095FD202809D0632C07D8F8F785F9841BFE
:108550002846F9F78EFD0028F0D02846F9F789FD66
:10856000632C0CD882060AD443070AD4003818BFFB
:108570000120800002B0BDE8F0870420FAE7052062
:10858000F8E70320F6E710B5642304460430F8F753
:10859000A1FC02280AD0032801D068B910BD94F8C4
:1085A0004130202B0CBF02200520F7E794F8413022
:1085B000202B18BF0620F1E794F84130202B0CBF88
:1085C00002200420EAE72DE9F34704460E469146CF
:1085D0001F46F8F741F980463FB90122314620464F
:1085E00002B0BDE8F047FFF7CEBF0025D4F830A0B9
:1085F00004343B464A4631462046CDF800A0F8F701
:1086000019FD022807D1F8F727F9A0EB0805642D1A
:10861000EFD906201FE008BBF8F71EF906462046F2
:10862000F9F724FD202809D0632D07D8F8F714F9AD
:10863000851B2046F9F71DFD0028F0D02046F9F7EC
:1086400018FD632D0CD882060AD443070AD40038DB
:1086500018BF0120800002B0BDE8F0870420FAE7CF
:108660000520F8E70320F6E720B119B1C166043010
:10867000F8F744BE704720B119B101670430F8F72C
:108680003DBE704770B590F891300446012B0D4601
:10869000A0F1040609D1436E3BB1836E3046984782
:1086A000022384F89130002363668DB9E36E84F869
:1086B00091501BB1304684F890509847204694F86A
:1086C000902004F170012023BDE87040F8F7A0BDB0
:1086D00000230122636684F89120616E2046743184
:1086E00031440423BDE87040F8F7CDBD10B590F8D3
:1086F00091300446012B04D1436E13B1836E0438CC
:108700009847022384F89130002320466366BDE831
:108710001040F8F7F3BD436E1F2BDEBF436E0133ED
:10872000436690F89130012BDAB205D1416E0423F3
:1087300070310144F8F7A7BD7047002380F89030EE
:10874000704790F892300BB9F8F7D8BD7047000029
:10875000014B1868F8F76EBFBC060020014B186883
:10876000F9F7D4BBBC060020014B5868F8F762BF8C
:10877000BC060020014B5868F9F7C8BBBC060020B6
:1087800010B5044681784069FFF7A6FB6069FFF7E2
:10879000C9FCB0FA80F0400910BD8378483B032B38
:1087A00001D8FFF7EDBF00207047037813F01003E6
:1087B0000FD008290FD851B10139072909D8DFE8AE
:1087C00001F016040810080808134FF48061C180F6
:1087D00070470021FBE710290CBF4FF420610021F6
:1087E000F5E74FF4C061F2E74FF40061EFE74FF4B3
:1087F0000071ECE708B50021FFF7D7FF044B836059
:1088000003F12073C3604FF6FF73038208BD00BFFE
:1088100000018000002208B582748261FFF7EAFF40
:1088200008BD70B5044616461D464069FFF754FB67
:108830006069314603681B6898476069290A0368C4
:108840001B6898476069E9B203681B6898476069CC
:10885000FFF768FCB0FA80F0400970BD38B50289B6
:10886000C3880446134342890D4613430B43027BDE
:108870009BB243F4004382B9627B0AB143F0080320
:10888000A27B0AB143F00403E27B20461343A178A4
:108890000122FFF7C6FF258238BD43F01003EBE746
:1088A00070B5054616460C464069FFF715FB68692A
:1088B000314603681B6898476869FFF733FC02225A
:1088C00021466869FFF729FC02280CD16869036812
:1088D0005B69984704026869A4B203685B699847BA
:1088E000204480B270BD0020FCE710B50446002291
:1088F0008178FFF7D5FF237900B203B1184110BD8D
:1089000008B501228178FFF7CBFFC0F3C03008BD66
:1089100008B5FFF7F5FF80F00100C0B208BD10B543
:108920000446FFF79BFF2389B3F5807F05D0E078ED
:1089300000F048FF06E000F0A3FD2046FFF7E8FF47
:108940000028F8D12046BDE81040FFF7CEBF43789D
:108950008B4205D90431090301F47041FFF7DFBFF1
:108960000020704770B504460E461546FFF752FFCB
:108970000823E3700023237140F23543A67023805F
:108980002046656170BD0000214B08461B782DE92B
:10899000F04723B11F4BA1F164029A4236D8F7F792
:1089A0006DFC1D49F7F776FD1C49F7F7BFFC002465
:1089B00007464FF0040ADFF868905FFA84F80AFA75
:1089C00008F080B2F7F75EFC01463846F7F762FD23
:1089D0004946264605460134F7F764FE0028ECD1E7
:1089E000F6B2062E12D845F255530E4C2846236097
:1089F000C4F80480F7F760FE0138C0F30B00A060F4
:108A0000E3689B07FCD14AF6AA232360BDE8F08700
:108A1000C50600209CE68F010024744900401C47D5
:108A200000F07F45003000400C4B10B4A1F164040D
:108A30009C4211D80A4B5C6A44F001045C625C6A97
:108A4000A407FCD54CF6CC44064B1C600124064B15
:108A50001C7010BCFFF798BF10BC70479CE68F01DC
:108A60000010024000300040C5060020034B1B7878
:108A70001BB14AF6AA22024B1A607047C5060020B5
:108A800000300040074B5A6A02F00052002A14BF1F
:108A90000120002004D019B15A6A42F080725A6253
:108AA000704700BF00100240024A536A43F08073CF
:108AB000536270470010024008B54FF480620249CB
:108AC000024803F0C3FA08BD00FC0108C8060020F4
:108AD00010B50446FFF7F0FF014B185D10BD00BF55
:108AE000C8060020002370B586B0CDE9013301230C
:108AF0000F4C0593CDE90334F7F7E0FFB0B940F22E
:108B000015120C4B01A9DA6002A8F8F781F858B9E0
:108B1000094D0A4E2146F5E802230320F8F714F820
:108B200010B90834B442F5D1F7F7DAFF06B070BDDA
:108B300000FC010800200240C806002000000208D6
:108B4000014B1954FFF7CEBFC8060020B0F808311A
:108B5000B0F80421981A00F03F007047B0F80831CF
:108B6000B0F804219BB293421ABFD0F8FC30985C55
:108B70004FF0FF30704790F80631B0F80A01C0B2EC
:108B8000834227BFC3F13F03C018C01A00F1FF3072
:108B9000704707B503688DF8071001225B680DF177
:108BA0000701984703B05DF804FB13B50DF1070109
:108BB0000446FBF789F888B9B4F87430B4F870202B
:108BC000013303F03F03934208D0B4F874209DF8BA
:108BD0000700A16E92B28854A4F8743002B010BDA0
:108BE000B0F87610826F10B50A4402F03F02A0F888
:108BF0007620B0F87610B0F8722089B28A421AD086
:108C0000B0F876404032A4B2B0F87610121B54424D
:108C100089B204F03F0402F03F02C1F1400158BFA5
:108C200062428A4228BF0A4604498267FBF788F8F5
:108C30004FF0FF3010BD0020FCE700BFE18B0008C3
:108C400003682DE9F0479B68044688461646984716
:108C500001232374D4F8EC30B4F806910133824632
:108C6000C9F1400904F1940708D194F811312BB1EE
:108C70000023384684F81131FBF782F82368204638
:108C80009B6898470028F9D035464D4523D855456F
:108C900021D8B4F80621D4F800015319402B104410
:108CA0002FD82A46414603F0D1F9A946B4F8063137
:108CB00038461D4405F03F05A4F80651FAF7F2FFC7
:108CC00030B94A4638461649C4F80C91FBF738F8D3
:108CD0003046BDE8F087D14528BFD14623684A46D3
:108CE00041465B6820469847236820469B68984722
:108CF000A5EB0905C844B4F806918246C9F14009BC
:108D0000C3E7C2F140094A46414603F09FF9D4F84F
:108D10000001A5EB090208EB090103F097F9C5E78B
:108D2000E18B0008C0F8F030009B914208BF4FF083
:108D3000FF31C0F8F43000F11403C0F8FC30002318
:108D4000C0E93A2100F15402A0F80831C0E94023FB
:108D5000A0F80A317047000073B54FF47A75002609
:108D6000C0E901653D4D069C0560CDB2242D25D896
:108D70003B4E01F4E06156F825502943D5B2242D2D
:108D800030D8374E02F4E06256F825502A43DDB25F
:108D9000242D3BD8324E03F4E06356F825502B4384
:108DA000E5B2242D46D82E4E04F4E06456F8255042
:108DB0002C430094FFF7B6FF02B070BD01F0C0066F
:108DC000C02E0CD1C92D0AD8264D01F03F0655F80A
:108DD0002660234D01F4E06155F82650CDE74FF0B1
:108DE000FF31CBE702F0C006C02E0CD1C92D0AD846
:108DF0001C4D02F03F0655F82660194D02F4E06262
:108E000055F82650C2E74FF0FF32C0E703F0C00626
:108E1000C02E0CD1C92D0AD8124D03F03F0655F8CB
:108E200026600F4D03F4E06355F82650B7E74FF086
:108E3000FF33B5E704F0C006C02E0CD1C92D0AD807
:108E4000084D04F03F0655F82660054D04F4E06433
:108E500055F82650ACE74FF0FF34AAE7CCCC000819
:108E600068C5000840C50008037C70B504460D467F
:108E7000A3B1F7F7F1FC0646B4F80621B4F80A31BD
:108E80009BB29A420AD0002DF8D0F7F7E5FC801B80
:108E90008542F1D8B4F80A31A4F8063170BD00213A
:108EA000FFF7E2BFCBB2242B08D80E4A01F4E061F1
:108EB00052F823301943C0F8EC10704701F0C0029B
:108EC000C02A0CD1C92B0AD8074B01F03F0253F836
:108ED0002220044B01F4E06153F82230EAE74FF01E
:108EE000FF31E8E768C5000840C50008CBB2242B75
:108EF00008D80E4A01F4E06152F823301943C0F853
:108F0000E810704701F0C002C02A0CD1C92B0AD862
:108F1000074B01F03F0253F82220044B01F4E061BB
:108F200053F82230EAE74FF0FF31E8E768C5000860
:108F300040C5000873B54FF47A7316460022C0E9A5
:108F400001231D4B044603604FF0FF33C0F8EC30A3
:108F50001A4B0D46984215D1C321FFF7A3FFC2213A
:108F6000FFF7C4FF4FF0FF33012E08BFC4F8EC3009
:108F700000932046D4E93A214FF0FF33FFF7D2FEA9
:108F800002B070BD0E4B0F499A680F4B53F8220088
:108F9000FAF76EFC854202D1C3212046DDE70B497A
:108FA0002846FAF776FC0749C4F8EC002846FAF799
:108FB00070FCC4F8E800D5E7CCCC0008C80A002053
:108FC00040C50008A0C2000868C5000864C20008C7
:108FD000D0F8EC3010B5013304460ED10368DB68DD
:108FE000984794F8113143B9012304F1940084F8AF
:108FF0001131BDE81040FAF7D1BE10BD7FB502F0C7
:109000000703023BDBB2042B0546C0F8141180F8BD
:109010001221144602F0300002D930280ED1FEE7AA
:109020001B4A3028D25C0CD14FF4C0630132082AAD
:109030000ED0092AF3D14FF480520AE09306EED401
:10904000EDE714F020031CBF4FF480630132EEE71C
:109050000022E87CC4F3C0040390A87C05F19406C8
:109060000290687C6403019000943046FAF724FD76
:1090700085F8100148B12846FFF7AAFF3046054998
:1090800004B0BDE87040FAF73BBE04B070BD00BF4D
:10909000BCCC0008AB8B000810B50446FFF798FF66
:1090A000B4F80821B4F8043192B29A4217BFD4F848
:1090B000FC204FF0FF30D05C01331CBF03F03F03B6
:1090C000A4F8043110BD0000002202490248FFF755
:1090D00031BF00BF00440040C80A00202DE9F8431A
:1090E00005460C46002700F1030800F1060918F8B0
:1090F000011F0A22204600F099F82E21064620463C
:1091000000F04BF8C84506443744F0D10A22204607
:10911000E97900F08BF83844BDE8F883024A026030
:1091200000224260704700BFF8CC000830B5837160
:10913000034D9DF80C30056001714271C37130BD63
:10914000F8CC0008014AC0E900217047F8CC0008BB
:10915000024A02600A684260704700BFF8CC00080B
:109160000B6843607047704770B505460C4608466B
:1091700049B1F7F7DBFA2B68024621462846BDE8DD
:1091800070405B68184770BD03688A685B6809684F
:10919000184708B5FFF7E8FF08BD03681B681847C4
:1091A00008B50249FFF7E0FF08BD00BFFCCC00088E
:1091B00038B50546FFF7D8FF04462846FFF7F0FF0D
:1091C000204438BD38B50546FFF7DEFF0446284683
:1091D000FFF7E6FF204438BDFFF7EABF0023012A6E
:1091E00098BF0A2230B58BB00C468DF8243009A9FF
:1091F0002546B4FBF2F404FB1253DBB2092B94BFF7
:1092000030333733DBB2AA4201F8013DF0D9FFF722
:10921000ABFF0BB030BD10B422B9026810BC1268AD
:10922000C9B2104710BCD2B2FFF7D8BFFFF7F3BFE7
:1092300010B5044600F0C4FAE060236820465B697C
:109240009847002808DA00F0BBFAE368C01AA36860
:109250009842F2D34FF0FF3010BDF8B507460D46E7
:109260000C468E18B44201D1601BF8BD3846FFF79A
:10927000DFFF031EF8DB04F8013BF3E72DE9F041C3
:109280000746884616461D4673B100243846FFF748
:10929000CFFF031E05DB434503D033550134A54200
:1092A000F4D12046BDE8F0811C46FAE710B504462B
:1092B000006802F01DFD204610BD10B50446006890
:1092C00008B102F015FD0023C4E90133236010BD8D
:1092D00038B504460D460068013102F0B3FD10B107
:1092E000C4E90005012038BD036810B5044613B178
:1092F00043688B4207D22046FFF7EAFF20B1A368FC
:109300000BB922681370012010BD70B50E461146CE
:1093100004461546FFF7E8FF20B92046FFF7CDFFCA
:10932000204670BD31462068A56002F087FEF7E751
:1093300038B5002304460D46C0E90033836039B1D7
:109340000846F7F7F3F9294602462046FFF7DDFF06
:10935000204638BD884210B50B46044604D0096843
:1093600021B19A68FFF7D1FF204610BDFFF7A5FF96
:10937000FAE7002310B50446C0E900338360FFF725
:10938000E9FF204610BD38B505460C4649B10846F0
:10939000F7F7CCF9214602462846FFF7B6FF2846E4
:1093A00038BDFFF78AFFFAE71FB5044600230846D9
:1093B000C4E90033A36001A900F0D7F8204601A951
:1093C000FFF7E1FF204604B010BD10B500230446AE
:1093D0008AB0C4E90033A360084601A900F091F8FF
:1093E000204601A9FFF7CFFF20460AB010BD10B5F7
:1093F000002304468AB0C4E90033A360084601A9EB
:1094000000F081F8204601A9FFF7BDFF20460AB011
:1094100010BD70B504460E46856809B9002070BDC0
:1094200062B115442946FFF75FFF0028F6D0206897
:10943000A3683146184402F001FEA5600120EEE762
:1094400010B58A6809680446FFF7E3FF10B92046A3
:10945000FFF733FF204610BD38B504460D4621B94D
:109460002046FFF72AFF204638BD0846F7F75EF989
:10947000294602462046FFF7CCFF0028F0D0F2E74D
:109480007047F0B503468BB0084661B3911E2229A0
:1094900035D80A2A06D1002B04DA01275B4201AD38
:1094A00029460DE00027FAE7B3FBF2F602FB16337C
:1094B000092BDCB21BD83033DBB201F8013B334659
:1094C000002BF1D1A94210D0034617B12D2203F889
:1094D000012B0A465C1EAA420CD84A1B8D4288BF4B
:1094E0000022002199540BB0F0BD1E46E3E704F1C1
:1094F0005703E1E712F8016D04F8016FEBE7002074
:10950000F1E7FFF7BEBF70B503468AB0084689B1E0
:10951000911E222927D801AD29466BB9A94218D03E
:109520000B46421EAB4219D84B1B8D4288BF00230D
:109530000022C2540AB070BDB3FBF2F602FB163330
:10954000092BDCB207D83033DBB201F8013B3346DC
:10955000E3E71E46F7E704F15703F5E713F8014D7B
:1095600002F8014FDEE70020E4E7FFF7CCBF08B5C3
:109570000320F7F777F9BDE8084000F03FB908B5D8
:10958000AFF30080FDF706FDFCF7C4FA00F028F900
:10959000FAE70000C0F30312042A034610B50ED800
:1095A0000020084AD9B252F8044B8C4203D103F48C
:1095B000E063184310BD01302528F4D1FAE72520D7
:1095C000F8E700BF68C50008FAF774F90B480C49C2
:1095D0000C4A002302E0D458C4500433C4188C420F
:1095E000F9D3094A094C002301E013600432A24276
:1095F000FBD302F0FFFCFFF7C2FF70470000002022
:10960000880000203CCE000888000020480E002082
:10961000FEE70000C3B2242B2DE9F0410D462AD805
:10962000274A00F4E06452F823301C43621C44D003
:10963000244EC4F3031756F8273004F00F0823FA1A
:1096400008F3DB0710D520461F49FAF723F810B1BD
:109650002046F9F7AFFD012256F8273002FA08F24A
:1096600023EA020346F82730052D15D8DFE805F078
:1096700015211B1D1F2300F0C002C02A1DD1C92BBC
:109680001BD8124B00F03F0253F822200C4B00F481
:10969000E06453F82230C8E7FEE700212046BDE829
:1096A000F041FAF707B81021F8E72021F6E7032187
:1096B000F4E70121F2E70921F0E7BDE8F08100BFFE
:1096C00068C50008E00B0020DCC2000840C50008A7
:1096D000C3B2242B1BD8174A00F4E06052F82330A1
:1096E0001843431C25D0C0F30313042B98BF124A20
:1096F00000F00F0098BF52F82320104B88BF0022C3
:1097000053F82030C3F30F2391B11361704700F079
:10971000C002C02A0DD1C92B0BD8094B00F03F0263
:1097200053F82220034B00F4E06053F82230D7E7CF
:109730005361704768C500080800002010C6000883
:1097400040C50008C3B2242B1CD8194A00F4E060BD
:1097500052F823301843431C25D0C0F30313042BC5
:1097600023D8144A00F00F0052F82330124A9B68A5
:1097700052F82020D84300EA122080B2B0FA80F0DC
:109780004009704700F0C002C02A0CD1C92B0AD88A
:109790000A4B00F03F0253F82220054B00F4E06032
:1097A00053F82230D6E70020704700239B68FFDE85
:1097B00068C500080800002010C6000840C5000861
:1097C000F9F726BD38B5044648B1F9F721FD05463D
:1097D000FFF756FEF9F71CFD431BA342F8D338BD33
:1097E00008B5044B2BB10448FFF7B0F908B1AFF34B
:1097F000008008BD00000000C80A0020F9F754BD31
:109800002DE9F047089D0C46002B4ED194468C451F
:109810008646B2FA82F262D94AB1C2F1200391407F
:1098200020FA03F30CFA02FC194300FA02FE4FEA95
:109830001C47B1FBF7F407FB14111FFA8CF64FEA33
:109840001E4343EA014304FB06F199420AD91CEB8B
:10985000030304F1FF3080F01081994240F20D8142
:10986000023C6344591AB1FBF7F007FB101100FBEF
:1098700006F61FFA8EF343EA01439E420AD91CEB17
:10988000030300F1FF3180F0FA809E4240F2F7803E
:109890006344023800219B1B40EA04401DB1D340C1
:1098A0000022C5E90032BDE8F0878B4205D90DB131
:1098B000C5E9000100210846F5E7B3FA83F1002964
:1098C00046D1A34202D39042C0F0EE80861A64EBE8
:1098D00003030120002DE6D0C5E90063E3E7002A79
:1098E00040F08F80A1EB0C0401214FEA1C481FFAC5
:1098F0008CF7B4FBF8F608FB164407FB06F04FEABA
:109900001E4343EA0443984208D91CEB030306F1C3
:10991000FF3402D2984200F2CB8026461C1AB4FBD8
:10992000F8F008FB104400FB07F71FFA8EF343EA38
:1099300004439F4208D91CEB030300F1FF3402D219
:109940009F4200F2AE802046DB1B40EA0640A5E7BE
:10995000C1F120078B4022FA07FC4CEA030C24FAE1
:1099600007F64FEA1C49B6FBF9F81FFA8CFE09FB13
:10997000186620FA07F38C4000FA01FA08FB0EF093
:109980001C43230C43EA0643984202FA01F20AD927
:109990001CEB030308F1FF3680F0818098427ED9EA
:1099A000A8F1020863441E1AB6FBF9F309FB13661B
:1099B00003FB0EFEA4B244EA0644A64508D91CEBFC
:1099C000040403F1FF3066D2A64564D9023B644427
:1099D00043EA0840A0FB0283A4EB0E049C42C64667
:1099E0001E4650D34DD055B1BAEB0E0364EB0604BE
:1099F00004FA07F7CB401F43CC40C5E900740021AF
:109A000051E70CFA02FCC2F12003D9404FEA1C488E
:109A100020FA03F300FA02FEB1FBF8F008FB101184
:109A200094401C431FFA8CF7230C43EA014300FBCC
:109A300007F1994208D91CEB030300F1FF362CD241
:109A400099422AD9023863445B1AB3FBF8F108FB48
:109A50001133A4B244EA034401FB07F3A34208D93B
:109A60001CEB040401F1FF3613D2A34211D90239D1
:109A70006444E41A41EA00413BE70446F2E6084642
:109A800008E7C245AFD2B8EB020E63EB0C06013813
:109A9000A9E73146EDE703469AE73046D4E7B046FA
:109AA00081E7634402384FE706462346084611E73C
:109AB000023E634432E700BF08B502F00AF90146EE
:109AC00004220F2001F03CBA01460622092001F0D1
:109AD00037BA01460422052001F032BA01460422B9
:109AE000012001F02DBA0000F7B507460E461446D6
:109AF0001D4601F0F5FB00B3114B12480093012302
:109B0000ADF8043000238DF8063002AB13E90600EF
:109B100001F000FF3846FFF7D7FF301DFFF7CFFFFA
:109B2000281DFFF7DBFF08980430FFF7D2FF054838
:109B300001F012FF6268044B5A6003B0F0BD00BF31
:109B4000809FD500900C0020F40B00202DE9F041FF
:109B50001E4600238CB00093FF2388461746054617
:109B60001A46194602A8FFF7E1FA0C4CD8F804305F
:109B70002846CDE905347B6806AACDE90734736829
:109B800004A9CDE90934039B04940B930AAB009319
:109B900008ABFFF7A9FF0CB0BDE8F081F8CC0008D6
:109BA00000B50B4B4968526889B0CDE90231CDE967
:109BB00005230493012301918DF80730019B04AA2A
:109BC000079302A906ABFFF7C1FF09B05DF804FBDC
:109BD000F8CC00087FB5094B4A680493CDE90232FE
:109BE000012301928DF80730019B04AA02A9059375
:109BF000FFF7D6FF07B05DF804FB00BFF8CC000804
:109C0000002307B51A46194600930448FFF78EFA59
:109C1000034803B05DF804EBFFF780BAFC0B0020AB
:109C2000F40B00207047007C07288CBF0020012027
:109C3000704781F0010070470846704708B5036817
:109C4000DB6C984780F00100C0B208BD41827047CC
:109C500007B503688DF8071001225B680DF1070155
:109C6000984703B05DF804FB037C087C984204D15C
:109C700007288CBF0020012070470020704700009B
:109C800010B50446007C072815D800F02DFE1828D2
:109C900009D91C280DD1236820461B699847003834
:109CA00018BF012004E0054B43FA00F000F001006A
:109CB00010BD0120FCE70020FAE700BFFEFFEFFE29
:109CC000F0B591B0044604A80E461546FFF726FAF3
:109CD00000224FF47A73CDE90823194B0CA807939F
:109CE000FFF71CFA082368468DF83C30FFF716FA98
:109CF000207C072807D800F0F7FD10B1207C00F089
:109D000087FE082323740F4B0F4F5B6802A904A83A
:109D10000393029701F082FB41F288336A46314691
:109D200004A801F005FD40B1019A236820465B6A52
:109D300002A9039202972A46984711B0F0BD00BFCE
:109D400094CD0008F40B0020F8CC000838B5044688
:109D5000007C07280AD800F05BFEFFF731FD0546BE
:109D6000207C00F0C1FD10B90823237438BD012008
:109D7000FFF728FDFFF724FD628A431B9342EFD3D0
:109D8000207C00F0D1FDEFE77FB50446007C0D4656
:109D90000728164607D800F0A7FD10B1207C00F078
:109DA00037FE0823237400216846FFF7CBF96B6860
:109DB000019A9A420FD04FF0FF3102A8FFF7C2F983
:109DC0006A68039B9A4206D00021212000F03CFCE7
:109DD0000728207402D9002004B070BD291D324626
:109DE00000F0EAFDFFF7ECFC0546207C00F07CFD6E
:109DF000172813D01C2811D00028ECD0FFF7E0FC66
:109E0000638A401B984203D80120FFF7DBFCECE794
:109E1000207C00F089FD08232374DCE70120DBE7C8
:109E200008B5007C072802D800F090FF08BD00208C
:109E3000FCE710B50446207C07280BD800F054FD41
:109E4000172801D01C2805D1207C00F07FFFB0F539
:109E5000006FF0D310BD38B50546007C14460728C6
:109E600005D892B200F0EEFE10B901236B60002419
:109E7000204638BD08B5007C072802D800F084FED3
:109E800008BD0020FCE7007C072802D812B200F0D1
:109E9000DFBD0020704707B501220DF10701007CEE
:109EA00000F0D6FD0028D4BF4FF0FF309DF807002A
:109EB00003B05DF804FB10B5037C0446072B02D900
:109EC0004FF0FF3010BD03681B6998470028F7D09A
:109ED000207C00F089FEF5E710B504461421F9F75F
:109EE00012F9204610BD000030B41546054A12781C
:109EF00001EB022404EB0020294630BC1A4680B254
:109F000001F0D8B8750C002073B50B7C0446072B04
:109F10000E4605D90021FFF715F9204602B070BDA5
:109F20000D4B6D4600930123ADF8043000238DF8EE
:109F3000063095E80600094801F0ECFC04232A46A7
:109F40000C21307CFFF7D0FF044801F005FD2946C5
:109F50002046FFF7FDF8E0E7809FD500900C002039
:109F600037B5037C0446072B1DD8104B6D46009374
:109F70000123ADF8043000238DF8063095E8060083
:109F80000B4801F0C7FC207C02232A461021FFF772
:109F9000ABFFBDF80040064864BAA4B201F0DCFC97
:109FA000204603B030BD0024FAE700BF809FD500F3
:109FB000900C002037B5037C0446072B1DD8104BAE
:109FC0006D4600930123ADF8043000238DF8063070
:109FD00095E806000B4801F09DFC207C02232A46F0
:109FE0000421FFF781FFBDF80040064864BAA4B21F
:109FF00001F0B2FC204603B030BD0024FAE700BFF8
:10A00000809FD500900C0020002307B51A46194602
:10A0100000930348FFF78AF803B05DF804FB00BF24
:10A02000040C002007B503688DF8071001225B6857
:10A030000DF10701984703B05DF804FB38B50189BD
:10A040000546212000F000FB0728044606D800F052
:10A050008BFC20B12A89044B23F8142038BD2046FC
:10A06000BDE8384000F0D4BC0C0C0020F8B50D4B16
:10A0700005461B780024332B14BF082704270A4EFB
:10A0800036F8023B2A899A4205D00134E4B2BC4238
:10A09000F6D10020F8BD204600F026FC1428F4D1AB
:10A0A0000120F7E7760C00200C0C00202DE9F84F7A
:10A0B0002B4B04461B780D465BB92A4A436002606D
:10A0C0004FF47A7308228360027420466382BDE8ED
:10A0D000F88F0026332B14BF4FF0080A4FF0040A04
:10A0E0000827B146DFF8808038F8023B2A899A4277
:10A0F0000CD15FFA86FB584600F0F6FB172819D101
:10A10000584600F041FD002818BF5F460136F3B203
:10A110009A45E9D8B9F1000F03D12B6828461B698D
:10A12000984700224FF47A73C4E901230D4A27743B
:10A130002260CAE71C2807D1584600F025FD50B917
:10A14000584600F065FCE1E7142806D00028DDD170
:10A1500028F8020CDAE75F46D8E74FF00109D5E7A7
:10A16000760C002008CD00080C0C00202DE9F043EF
:10A17000174B06461B780F46154687B033B3332B73
:10A18000014601A81DD0FFF791FF4FF008080024F9
:10A19000DFF8409039F8023B32899A4209D12046D3
:10A1A00000F0A2FB172804D139462046AAB200F0DD
:10A1B00049FD0134E4B24445ECD1284607B0BDE87E
:10A1C000F083FFF773FF4FF00408E0E71D46F4E764
:10A1D000760C00200C0C0020002307B51A46194607
:10A1E00000930348FEF7A2FF03B05DF804FB00BF35
:10A1F0001C0C002003681B6C18470000024A026018
:10A200008A694260704700BFF8CC0008808B7047B5
:10A21000008A7047408C704707B503688DF80710B7
:10A2200001225B680DF10701984703B05DF804FB5C
:10A23000704710B5044690F82000072804D800F0B5
:10A2400073FB082384F8203010BD38B5044690F81D
:10A2500020000D46072801D800F066FB29460220A1
:10A2600000F0F2F9072884F820004FF000009EBFAC
:10A2700025826084012038BDF0B591B0044604A861
:10A280000E461546FEF74AFF00224FF47A73CDE9D9
:10A290000823144B0CA80793FEF740FF08236846D9
:10A2A0008DF83C30FEF73AFF0F4B104F5B6802A968
:10A2B00004A80393029701F0B1F841F288336A468B
:10A2C000314604A801F034FA012808D1019A236824
:10A2D00020461B6B02A9039202972A46984711B0A9
:10A2E000F0BD00BF94CD0008F40B0020F8CC0008AE
:10A2F00008B500230431C38390F8200000F07CFDF2
:10A3000008BD08B590F8200000F0A8FD08BD10B504
:10A31000044693B20A46C18B90F8200000F03EFD3F
:10A32000E38B0344E38310BD438C13B504461BB990
:10A330004FF0FF3002B010BD012290F820000DF167
:10A34000070100F085FB0028F2DD638C9DF8070013
:10A35000013B6384EEE7438C10B5044613B94FF01C
:10A36000FF3010BD934294BF1AB212B290F8200091
:10A3700000F06EFB0028F2DD638C1B1A6384F0E7AB
:10A3800008B5034690F82000072804D85B8C13B169
:10A3900000F02AFC08BD4FF0FF30FBE773B5044620
:10A3A00090F820000E460728154601D800F0BCFAA8
:10A3B000094B2A460093736869468220019300F096
:10A3C000D9F9072884F820004FF000009EBF608470
:10A3D0000120258202B070BDF8CC000813B50446F8
:10A3E000628CE2B994F8200000F0CEFBA8B10822FC
:10A3F000694694F8200000F02BFB00280DDD69462B
:10A4000004F11400FEF7ACFEBDF804305BBAA38380
:10A41000BDF806305BBA638498B202B010BD236801
:10A42000002120461B6C9847DAE70000002307B59F
:10A430001A46194600930348FEF778FE03B05DF80C
:10A4400004FB00BF240C002030B41546054A1278E6
:10A4500001EB022404EB0020294630BC1A4680B2EE
:10A4600000F06EBD750C002030B41546054A127818
:10A4700001EB022404EB0020294630BC1A4680B2CE
:10A4800000F018BE750C002007B5084B8DF80720AA
:10A490001B78012201EB032101EB002080B20DF1BA
:10A4A000070100F04DFD03B05DF804FB750C0020C2
:10A4B0002DE9F3470C4690461E462421022301AAAB
:10A4C0000546FFF7D1FFBDF80430DFF888905BBA8E
:10A4D0001C4499F80030A7B2332BC4F30A042FD1DF
:10A4E00005F1080004EBC02080B2A319B3F5006F9A
:10A4F0002DDDC4F5006A1FFA8AFA5246414600F083
:10A500001FFD99F8003008EB0A01332B0CBF05F151
:10A51000080005F11000A6F50063C002E21880B241
:10A5200092B2374400F00CFD7FBA02232421284662
:10A5300001AAADF80470FFF787FF02B0BDE8F0870D
:10A5400005F1100004EBC020372B80B2CDD132468C
:10A550004146E6E7760C002007B5084B01221B7840
:10A5600001EB032101EB002080B20DF1070100F0A7
:10A57000A1FD9DF8070003B05DF804FB750C0020F9
:10A5800008B50321FFF7E8FF08BD07B549BAADF8E4
:10A5900004100223042101AAFFF756FF03B05DF85F
:10A5A00004FB07B549BAADF804100223102101AA33
:10A5B000FFF74AFF03B05DF804FB07B50223202133
:10A5C00001AAFFF751FFBDF8040040BA80B203B002
:10A5D0005DF804FB38B50446FFF7EFFF034620465D
:10A5E0001D46FFF7EAFF85420346F8D1024A02EB17
:10A5F000C402908038BD00BF2C0C002007B5022398
:10A60000262101AAFFF730FFBDF8040040BA80B24E
:10A6100003B05DF804FB07B50223282101AAFFF768
:10A6200023FFBDF8040040BA80B203B05DF804FB1C
:10A63000044B1B78332B0CBF0C301830C00280B297
:10A64000704700BF760C00202DE9F347404B0746CA
:10A650001B780E469BB3332B3E4B4FF00005009307
:10A660004FF00103E946ADF804308DF806503A4842
:10A6700099E806000CBF4FF004084FF00808CA46DE
:10A6800001F048F9ECB22046FFF77AFF0AF8010B17
:10A69000F0B10135EBB29845F4D800246FF0345294
:10A6A00019F8013B1D2B03D842FA03F3DB070BD546
:10A6B0000134E4B2A045F3D1274801F04DF9082454
:10A6C000204602B0BDE8F0871021204600F076FE5B
:10A6D0000022224B224923F81420224B224A1B68D5
:10A6E0004868B3FBF2F3FA2253434A68121A9342C2
:10A6F000FBDC3A4600212046FFF7C6FEFF2202217E
:10A700002046FFF7C1FEBEB1314600262046FFF7C6
:10A710003CFF164D0121204600F050FE204625F852
:10A720003460FFF778FF05EBC40358800A489E7138
:10A730009E8001F011F9C3E70D4B1988013189B2F0
:10A74000B1F5404F38BF4FF440411980DDE700BFFD
:10A75000760C0020809FD500900C00200C0C00206F
:10A76000001000E02400002040420F002C0C0020CC
:10A77000320000202DE9F04F514B81461B780E46E8
:10A78000174685B0B3B3332B4E4B4FF000080293FE
:10A790004FF001038DF80E80ADF80C3002AD4A4841
:10A7A00095E806000CBF4FF0040A4FF0080AAB46CC
:10A7B00001F0B0F85FFA88F42046FFF7E1FE0BF8ED
:10A7C000010B00B308F101085FFA88F39A45F1D84C
:10A7D00000246FF0345215F8013B1D2B03D842FAC8
:10A7E00003F3DB070BD50134E4B2A245F3D13648BD
:10A7F00001F0B2F80824204605B0BDE8F08F102122
:10A80000204600F0DBFD0022304B314923F81420B4
:10A81000304B314A1B684868B3FBF2F3FA225343CA
:10A820004A68121A9342FBDC4A4600212046FFF791
:10A830002BFEFF2202212046FFF726FEAFB339464A
:10A840002046FFF7A2FE254B0C2118687379009073
:10A8500003F07F038DF80330B37920468DF8043080
:10A86000F3791F4D8DF805300423F218FFF7ECFD46
:10A8700039462046FFF795FE0623002619466A460C
:10A880002046FFF7E1FD0121204600F097FD20461C
:10A8900025F83460FFF7BFFE05EBC40358800A4873
:10A8A0009E719E8001F058F8A5E70E4B1988013182
:10A8B00089B2B1F5404F38BF4FF440411980BFE72E
:10A8C000760C0020809FD500900C00200C0C0020FE
:10A8D000001000E02400002040420F0026C10008C4
:10A8E0002C0C00203200002037B50D4B044600939D
:10A8F0000123ADF8043000230A4D8DF8063002AB79
:10A9000013E90600284601F005F82046FFF738FE57
:10A910000446284601F020F8204603B030BD00BFB1
:10A92000809FD500900C002037B50D4B0446009356
:10A930000123ADF8043000230A4D8DF8063002AB38
:10A9400013E90600284600F0E5FF2046102100F03C
:10A9500035FD284603B0BDE8304000F0FDBF00BF24
:10A96000809FD500900C002073B501240026054679
:10A970000F4BADF8044000938DF8066002AB0D4814
:10A9800013E9060000F0C6FF2846FFF7F9FD13287B
:10A9900005D0084800F0E0FF304602B070BD02214B
:10A9A000284600F00BFD034800F0D6FF2046F4E7F0
:10A9B000809FD500900C0020F7B5134B0446009300
:10A9C0000123ADF8043000230E4615460F4F8DF8D5
:10A9D000063002AB13E90600384600F09BFF042363
:10A9E000324620460C21FFF72FFD29462046FFF76F
:10A9F000D8FD2046042100F0E1FC384603B0BDE854
:10AA0000F04000F0A9BF00BF809FD500900C00204F
:10AA100037B50D4B044600930123ADF804300023F5
:10AA20000A4D8DF8063002AB13E90600284600F007
:10AA300071FF2046082100F0C1FC284603B0BDE8A4
:10AA4000304000F089BF00BF809FD500900C0020EF
:10AA50002DE9F04F484B85B002930123ADF80C303F
:10AA600000231646454F8DF80E3037F8304002ABC4
:10AA700005468B4693E80600414800F04BFFA6428E
:10AA80000EDD2846FFF7BAFD04462846FFF7B6FD5F
:10AA9000A042F9D107EBC5039B79C41A27F83540CA
:10AAA0008CB92846FFF76CFD142805D020B1B0F111
:10AAB0001C0418BF4FF0FF34314800F04DFF204612
:10AAC00005B0BDE8F08FB442A8BF344607EBC5031C
:10AAD000B3F802A04FEAC509A6B2BBF1000F22D01D
:10AAE0002846FFF7A5FD274ACAF30A081278404412
:10AAF000372A80B23CD032464244B2F5006F37DD8F
:10AB0000C8F50062594692B2019200F0D3FA019A58
:10AB100028469344FFF78CFDA8F50062324492B2B8
:10AB2000594600F0C7FA07EB090237F8353091793A
:10AB3000B2449B1B0E44B6B21FFA8AFA9BB2F92E9E
:10AB4000A2F802A027F8353000D89BB900234F4463
:10AB50002846BB71282102239AFA9AFA02AAADF874
:10AB600008A0FFF771FC4021284600F027FCA3E76E
:10AB70003246D5E796719FE7809FD5002C0C0020C8
:10AB8000900C0020760C0020F7B5144E054636F8E0
:10AB9000300008BB124B8DF8060000930123ADF87E
:10ABA000043002AB0F4813E9060000F0B3FE28465C
:10ABB000FFF724FD044628462746FFF71FFDB8424D
:10ABC0000446F8D1074800F0C7FE06EBC5039B79A1
:10ABD000E41AA0B226F8350003B0F0BD2C0C00201A
:10ABE000809FD500900C0020F7B5134B01270093F0
:10ABF00000236D460446114E8DF80630ADF8047002
:10AC000095E80600304600F085FE2046FFF710FD6F
:10AC10000B4B3A4603EBC4035B882946C3F30A0394
:10AC2000184480B200F046FA304600F095FE9DF8D8
:10AC3000000003B0F0BD00BF809FD500900C002045
:10AC40002C0C0020B2F5006F28BF4FF400622DE9F4
:10AC5000F04F044615464FF0010B85B0DFF8E49045
:10AC6000DFF8E4A000910027CDF80890ADF80CB013
:10AC70008DF80E7002AE96E80600504600F04AFECF
:10AC80002046FFF7A7FC80462046FFF779FC01909D
:10AC9000504600F061FE019A172A01D01C2A2FD1DC
:10ACA000FEF7EEFBA845DED301234FF00008CDF8F8
:10ACB0000890ADF80C308DF80E8096E8060022481A
:10ACC00000F028FE2B4641462046009AFFF7F0FB95
:10ACD0002021204600F072FBDFF86C90DFF864A0C2
:10ACE00002212046FFF738FC10F010070AD020465A
:10ACF00010220221FFF7C8FB134800F02DFE0AE0E6
:10AD00003D46D1E72046FFF73BFC804638B90E4868
:10AD100000F022FE4546284605B0BDE8F08F4846C3
:10AD200000F01AFEFEF7ACFB0123CDF808A0ADF849
:10AD30000C308DF80E70484696E8060000F0EAFDEB
:10AD4000CEE700BF809FD500900C002037B5114B97
:10AD5000054600930123ADF8043000238DF806303A
:10AD600002AB13E906000C4800F0D4FD2846FFF7BB
:10AD700031FC04462846FFF703FC0546064800F070
:10AD8000EBFD172D02D01C2D18BF0024204603B068
:10AD900030BD00BF809FD500900C00202DE9F3410D
:10ADA0001C46134B054600930123ADF804300023E5
:10ADB000DFF840808DF8063002AB0E46174613E9E7
:10ADC0000600404600F0A6FD2846FFF703FCA0421F
:10ADD00028BF204684B223463A4631462846FFF72C
:10ADE00067FB404600F0B8FD204602B0BDE8F081A8
:10ADF000809FD500900C0020F7B50B7806460D46D5
:10AE000014462BB94B781BB98B780BB9C878E0B1D5
:10AE1000ECB1104B012700930023ADF804708DF8BE
:10AE2000063002AB13E906000B4800F073FD042363
:10AE30002A460C213046FFF707FB21463046FFF734
:10AE4000B0FB054800F088FD384603B0F0BD204651
:10AE5000FBE700BF809FD500900C002001232DE967
:10AE6000F743ADF8043000236E460446DFF88C80CB
:10AE70008DF80630CDF8008096E80600204800F0F6
:10AE800049FD2021204600F099FADFF87490022154
:10AE90002046FFF761FB10F0100509D010220221B7
:10AEA0002046FFF7F1FA164800F056FD01200FE0AA
:10AEB00002212046FFF750FB10F008070BD01822A4
:10AEC00002212046FFF7E0FA0D4800F045FD284634
:10AED00003B0BDE8F083484600F03EFDFEF7D0FA2F
:10AEE0000123CDF80080ADF804308DF80670484697
:10AEF00096E8060000F00EFDC9E700BF809FD50070
:10AF0000900C0020002307B51A4619460093034809
:10AF1000FEF70CF903B05DF804FB00BF6C0C0020D9
:10AF2000024B00211878FEF7D3BB00BF340000208D
:10AF3000024B01211878FEF7CBBB00BF3400002084
:10AF40002DE9F341494B04461B780D46332B164639
:10AF500027D100EB0208464F4D1E1FFA88F8A04586
:10AF600003D1304602B0BDE8F081FFF7D9FF0022DF
:10AF7000F021384600F0F1FC210A0022384600F0AA
:10AF8000ECFCE1B20022384600F0E7FC013400227C
:10AF900015F8011F3846A4B200F0DFFCFFF7C8FF28
:10AFA000DDE7342BC7B21FD1FFF7BAFF330A63F0D6
:10AFB0007F0364BA8DF802300422002369462C48CE
:10AFC000ADF800408DF8036000F0D9FC284FAC19B3
:10AFD000A54202D1FFF7ACFFC3E70022384615F8BF
:10AFE000011B00F0BAFCF3E7FFF79AFFFF2C29D909
:10AFF00023041AD40022E30803F0E00343F00C0317
:10B00000052E8DF800208DF801708DF802301CD8C7
:10B01000324629460DF1030001F018F80023694675
:10B020001348F21C00F0ABFCD4E7A30903F0E003E3
:10B03000B4F5404F4FEA142234BF43F0140343F0F9
:10B040001C03DDE700220423DAE70023032269461C
:10B05000074800F094FC064FAC1915F8011B0022BC
:10B06000384600F07AFCA542F7D1B3E7760C002011
:10B07000900C002007B5084B8DF807201B780122A3
:10B0800001EB032101EB002080B20DF10701FFF776
:10B0900057FF03B05DF804FB750C002007B50122D3
:10B0A0008DF807000DF107010020FFF749FF03B0FD
:10B0B0005DF804FB2DE9F3413C4B04461B780E463A
:10B0C000332B154628D100EB0208394F4E1E1FFACC
:10B0D00088F8444503D1284602B0BDE8F081FFF767
:10B0E0001FFF00220F21384600F037FC210A002202
:10B0F000384600F032FCE1B20022384600F02DFC68
:10B1000000223846114600F028FC013406F8010FF1
:10B11000A4B2FFF70DFFDCE7342BC7B21FD1FFF756
:10B12000FFFEC5F3062304228DF80630002364BA1F
:10B13000ADF804408DF807500DEB02011C4800F0FB
:10B140001EFC2A460021304600F0B2FE00232A46AB
:10B150003146174800F013FCFFF7EAFEBBE7FFF7A4
:10B16000DFFEFF2C1ED923040FD40022E30803F0D6
:10B17000E00343F008038DF804208DF80630032225
:10B1800000238DF8057001A9D8E7A30903F0E003B7
:10B19000B4F5404F4FEA142234BF43F0100343F09C
:10B1A0001803E8E700221346E5E700BF760C00200D
:10B1B000900C002007B501220DF10701FFF77AFF7F
:10B1C0009DF8070003B05DF804FB08B50020FFF709
:10B1D000F1FF08BD10B58020FFF760FF1424FFF7D2
:10B1E000F4FF40B1013C0120A4B2FEF7EBFA002CC1
:10B1F000F5D1204610BD0120FCE70000332208B540
:10B200000E4B1A70FFF7E6FF08B9002008BD1020AA
:10B21000FFF744FFFFF7D9FF1028F6D11220FFF700
:10B220003DFFFFF7D2FF1228EFD10020FFF736FFD6
:10B23000FFF7CBFFB0FA80F04009E7E7760C00207B
:10B24000342208B5114B1A70FFF7C4FF08B900206B
:10B2500008BD0820FFF722FFFFF7B7FF0828F6D147
:10B260001020FFF71BFFFFF7B0FF1028EFD10020E1
:10B27000FFF714FFFFF7A9FF0028E8D11F20FFF711
:10B2800099FFC31E58425841E2E700BF760C0020E8
:10B29000372208B5114B1A70FFF79CFF08B9002040
:10B2A00008BD0820FFF7FAFEFFF78FFF0828F6D148
:10B2B0001020FFF7F3FEFFF788FF1028EFD10020E2
:10B2C000FFF7ECFEFFF781FF0028E8D13920FFF7F8
:10B2D00071FF031F58425841E2E700BF760C00207F
:10B2E000F7B5304F3C78A4BB01266D464FF40C7087
:10B2F000FEF768FA21462C4800F0F6FA2B4B0121A4
:10B300001878FEF787F9FFF713FE294BADF80460B4
:10B3100000938DF80640244895E8060000F0FAFAFC
:10B32000FFF78EFFB8B14022224B1A70E5B202221D
:10B330001E212846FFF79EFE013402221F212846C7
:10B34000FFF798FE082CF1D1174800F005FB012308
:10B350003B70012422E0FFF79BFF18B11022154B30
:10B360001A70F1E7FFF74AFF044690B10422552412
:10B37000104B29461A701B2032468DF80040FFF70B
:10B38000DFFD324629461A208DF80040FFF7D8FD30
:10B39000DAE7094B1870044800F0DEFA204603B0E3
:10B3A000F0BD00BF740C0020900C00203400002081
:10B3B000809FD500750C0020760C002038B50A4619
:10B3C00004460121FFF756FE054D2402287804EBC0
:10B3D0000020013080B2FFF7EDFE0028F6D138BD25
:10B3E000750C0020002307B51A4619460093034840
:10B3F000FDF79CFE03B05DF804FB00BF780C002055
:10B40000002307B51A46194600930348FDF78EFE40
:10B4100003B05DF804FB00BF800C00204B68436064
:10B4200000230381704770B500240139002311F80F
:10B43000010F20B9032C01D10120D37170BDA0F1FF
:10B440003005EEB2092E08D803EB830305EB430564
:10B45000ABB2FF2BEBD90020F0E72E28FBD1032C59
:10B46000F9D0601C14442371C4B2DFE7002307B590
:10B470001A46194600930348FDF758FE03B05DF8DD
:10B4800004FB00BF880C00202DE9F34106460D4661
:10B49000FEF796F906F10C040222308106F108014C
:10B4A0002046FEF734FF012302220DF1060120465B
:10B4B000ADF80630FEF72BFF4FF4807302220DF13A
:10B4C00006012046ADF80630FEF721FF00230222D8
:10B4D0000DF106012046ADF80630FEF718FF0222F6
:10B4E0000DF106012046FEF712FF022220460DF163
:10B4F0000601FEF70CFF2F462B78EBB94FF4807551
:10B500000DF10501012220468DF80530FEF7FFFE02
:10B510000DF1060102222046ADF80650FEF7F7FEB7
:10B52000022220460DF10601ADF80650FEF7EFFEAF
:10B53000012002B0BDE8F0813E4633783546013641
:10B540000BB12E2BF9D1A5EB0708B8F1000F0CDDDC
:10B5500001220DF1050120468DF80580FEF7D7FE8A
:10B56000424639462046FEF7D2FE3746C4E72DE96B
:10B57000F04186B0064688461746FEF721F9054693
:10B5800006F10C042046FEF729FF002829DD726A27
:10B5900073689A4240F0C680338D352B40F0C280EC
:10B5A0002046FEF737FE0B2840F3BF800C222046D2
:10B5B0000DEB0201FEF7CFFEBDF80E303189BDF86C
:10B5C0000C205BBA91429DB2ADF8063001D11B044C
:10B5D00011D42046FEF72CFE4FF6FC7006B0BDE8F5
:10B5E000F081FEF7EDF8401B404500F298803220D4
:10B5F000FEF7E8F8C6E740F20F231D4005D02046CD
:10B60000FEF716FE4FF6FB70E8E7BDF812305EBAA3
:10B61000B6B2E3B92046FEF70BFE4FF6FA70DDE74F
:10B6200000212046FEF797FE9DF80A304BB101221B
:10B6300020460DF10A01FEF78EFE9DF80A20002A31
:10B64000EED1042200212046FEF785FE0135BDF82B
:10B650001030AAB25BBA9BB29A42E8DB0025A8463A
:10B66000012220460DF10501FEF775FE9DF805202B
:10B670003F2A35D83AB100212046FEF76CFE9DF8EE
:10B680000530002BECD1022202A92046FEF763FE12
:10B6900002220DF10A012046FEF75DFE0422002180
:10B6A0002046FEF758FE022220460DF10601FEF765
:10B6B00052FEBDF80830B3F5807F19D0BDF80620E2
:10B6C000002152BA204692B20135FEF744FEABB2D9
:10B6D0009E42C5D82046FEF7ABFD4FF6F6707DE7DB
:10B6E000012200212046FEF736FE8DF80580CAE7CC
:10B6F000BDF80A30B3F5807FE0D1BDF80630B3F570
:10B70000806F05D02046FEF793FD4FF6F77065E792
:10B7100004222046B918FEF71EFE01205EE74FF610
:10B72000FF705BE74FF6FE7058E74FF6FD7055E788
:10B730002DE9F74306460D469846FFF774FE9146FD
:10B74000044688BB1B4B72685B689A422ED0FEF79A
:10B7500037F806F10C0700F00F0101F5806138465B
:10B76000FEF773FD01281BD1134B3522009373683C
:10B77000694638460193FEF7BBFD70B12946304655
:10B78000FFF782FE48B13846FEF7BBFD28B14A46B6
:10B7900041463046FFF7EBFE04463846FEF749FDCA
:10B7A000204603B0BDE8F0830124F9E76FF00104FF
:10B7B000F6E700BF880C0020F8CC00082DE9F04126
:10B7C0001C46464B0D46C366002101231646A0F8D1
:10B7D00070305C2280F872100746DDF8188000F0A7
:10B7E00067FBF3B2242B28D83D4A06F4E06652F8F2
:10B7F00023301E43EBB2242BFE6532D8384A05F4C1
:10B80000E06552F823301D43E3B2242B3D663CD85B
:10B81000334A04F4E06452F823301C435FFA88F2A0
:10B82000242A7C6645D82E4908F4E06351F822208A
:10B8300013433846BB66BDE8F08106F0C002C02A5B
:10B840000CD1C92B0AD8274B06F03F0253F822200F
:10B85000234B06F4E06653F82230CAE74FF0FF3678
:10B86000C8E705F0C002C02A0CD1C92B0AD81D4B6D
:10B8700005F03F0253F82220194B05F4E06553F818
:10B880002230C0E74FF0FF35BEE704F0C002C02A07
:10B890000CD1C92B0AD8134B04F03F0253F82220D5
:10B8A0000F4B04F4E06453F82230B6E74FF0FF3456
:10B8B000B4E708F0C003C02B0CD1C92A0AD8094B41
:10B8C00008F03F0253F82210054A08F4E06352F8EA
:10B8D0002120ADE74FF0FF33ABE700BF00093D008B
:10B8E00068C5000840C5000837B501230D46002291
:10B8F000074980F85120C16680F8703080F87120C7
:10B9000080F87250009500F07BF803B030BD00BFA6
:10B9100000093D001FB502AB83E80600C16E029A24
:10B920000446914205D1026F03994A4032F07F42AA
:10B9300010D09A8802989B79E066A4F8702084F869
:10B9400072300093204694F8703094F87120E16EC4
:10B9500000F056F804B010BD704707B5002A8DF806
:10B9600007100DF107014FF001030CBF0A4600223A
:10B9700000F080F99DF8070003B05DF804FB002B90
:10B9800093B20CBF0A46002200F074B9252307B514
:10B99000C6220093C721C5230248FFF70FFF03B05B
:10B9A0005DF804FB900C002091FAA1F3B3FA83F345
:10B9B00070B50D0E0F2691FAA1F1B1FA81F144593B
:10B9C0009B0006FA03F3890024EA03048A40224319
:10B9D000425170BD0346074A10684BB1064A934274
:10B9E00001D1F6F7B7BD054A934201D1F6F7A2BDE2
:10B9F000704700BF240000200030014000380040A4
:10BA00002DE9F74F0E4615461F460446002800F064
:10BA1000FF808F49006EF7F72BFF8E498146E06D5E
:10BA2000F7F726FF8C498346606EF7F721FF8B49B5
:10BA30008046A06EF7F71CFF8246B9F1000F00F0B8
:10BA4000E780BBF1000F00F0E380B8F1000F00F0D9
:10BA5000DF8059464846F7F722FF51468146404667
:10BA6000F7F71DFF014680464846F7F718FFA06527
:10BA7000B9F1000F00F0CC80B8F1000F00F0C880E1
:10BA8000002800F0C580A26E9DF83030511C0CBF1C
:10BA90004FF400724FF48022002B14BF00234FF4A8
:10BAA0008273A26120606360FFF794FFB6EB500FD2
:10BAB00064D2B6EB900F63D2B6EBD00F62D2B6EB86
:10BAC000101F61D2B6EB501F60D2B6EB901F5FD251
:10BAD000B6EBD01F2CBF30233823E361002D59D0A3
:10BAE000022D59D0013D18BF012501236D00C4E985
:10BAF00004530723E362B7FA87F34FF000085B09AA
:10BB0000DB01C4E908385249206EC4F80880C4F843
:10BB10002880C4F80C80F7F793FE4E49E06DF7F7E4
:10BB20008FFE4D49606EF7F78BFE23694345636EC8
:10BB300018BF0126C3F3031208BF0226042A8CBFD4
:10BB40004046474903F00F0398BF51F82200454A89
:10BB500052F8231091FAA1F20B0EB2FA82F2C558F4
:10BB60000F23920093402B4091FAA1F20D0AAAB93B
:10BB7000022E20D1C36823EA050326E00023ACE7A8
:10BB80000823AAE71023A8E71823A6E72023A4E7A1
:10BB90002823A2E72B46AAE70023A8E7B2FA82F2FD
:10BBA000022E4FEA820223FA02F334D0042B02D190
:10BBB0000822FFF7F9FEC268012322EA050295FA7E
:10BBC000A5F5B5FA85F5AB401343C3602349A06ED4
:10BBD000F7F736FE2368244A934222D1234B9A6911
:10BBE00042F480529A619A6902F480520092009A5B
:10BBF000DA6842F48052DA60DA6822F48052DA605D
:10BC00002046F6F70CFD2268136843F040031360EA
:10BC100003B0BDE8F08F042BACD10822FFF7C4FEBF
:10BC2000A8E7134A9342EBD1104BDA6942F4804201
:10BC3000DA61DA6902F480420192019A1A6942F4E7
:10BC400080421A611A6922F480421A61D8E700BF63
:10BC5000BCC100088CC100085CC100082CC10008F0
:10BC60000800002010C6000800300140001002400B
:10BC7000003800402DE9F0410D4616461C4633B30E
:10BC80000768F4F7E9FD8046BB689907FCD5D5B194
:10BC900015F8013B3B73BB68DA07FCD53B7B0EB163
:10BCA00006F8013BF4F7D8FDA0EB0800B0F57A7F69
:10BCB00004F1FF3409D2002CE6D12046BB681B06F4
:10BCC000FCD4BDE8F081FF23E4E70120F6E7022081
:10BCD000F7E7062008B500F01BF90120F8F7D8F8BF
:10BCE000024B0146186800F02DB800BF3800002054
:10BCF000024B0146186800F0B7B900BF38000020B9
:10BD000070B50F4E0C463168054611B9F9F790FC35
:10BD1000306021462846F9F78BFC431C03D14FF0D5
:10BD2000FF34204670BDC41C24F00304A042F8D0A8
:10BD3000211A2846F9F77CFC0130F2D1EFE700BF69
:10BD4000040D00202DE9F843CD1C25F0030508352E
:10BD50000C2D38BF0C25002D064601DBA94204D965
:10BD60000C2333600020BDE8F883DFF8D480F9F7B6
:10BD70009DFCD8F800301C4644BB29463046FFF7EE
:10BD8000BFFF431C044658D1D8F800402746002F77
:10BD900043D1002C4BD023683946304604EB0309CD
:10BDA000F9F746FC814542D1216830466D1A294693
:10BDB000FFF7A6FF01303AD023682B442360D8F860
:10BDC00000305A6862BBC8F800700FE02268521B4E
:10BDD00020D40B2A17D96119A342256018BF5960D6
:10BDE000636808BFC8F8001062514B603046F9F72D
:10BDF0006BFC04F10B00231D20F00700C21A1CBFCE
:10BE00001B1AA350AFE76268A3420CBFC8F800201A
:10BE10005A60EBE723466468AEE73C467F68B6E7C6
:10BE20001A465B68A342FBD100235360DEE70C2374
:10BE300030463360F9F748FC94E70560D6E700BF69
:10BE4000080D0020024B0A460146186800F002B8AF
:10BE5000380000202DE9F041804615460C4621B9F6
:10BE60001146BDE8F041FFF76DBF2AB900F0FCF8BC
:10BE700000242046BDE8F08100F03EF985420646E8
:10BE800002D8B5EB500FF4D829464046FFF75AFFC9
:10BE900007460028ECD0B5422A46214628BF324644
:10BEA00000F0D4F82146404600F0DEF83C46E0E7DA
:10BEB00003460244934200D1704703F8011BF9E79F
:10BEC0001F2938B505460C4604D9162303604FF0E8
:10BED000FF3038BDC26B12B152F821304BB9284641
:10BEE00000F086F8224601462846BDE8384000F0BA
:10BEF0006DB8012B0AD0591C03D116230360012011
:10BF0000E7E70021204642F8241098470020E0E7A8
:10BF1000024B01461868FFF7D3BF00BF380000206E
:10BF2000294B70B51B68044683424BD0C369ABB143
:10BF3000DB686BB10025E369DB68595900293BD107
:10BF40000435802DF7D1E3692046D96800F08CF8DC
:10BF5000E369196811B1204600F086F8616911B1F2
:10BF6000204600F081F8E16911B1204600F07CF82C
:10BF7000216B11B1204600F077F8616B11B12046BA
:10BF800000F072F8A16B11B1204600F06DF8A16CC1
:10BF900011B1204600F068F8616C11B1204600F044
:10BFA00063F8E16A11B1204600F05EF8236A4BB1F4
:10BFB0002046BDE8704018470E68204600F054F84F
:10BFC0003146BBE770BD00BF3800002038B5002304
:10BFD000064D0446084611462B60F7F75BFF431CED
:10BFE00002D12B6803B1236038BD00BF440E00208E
:10BFF000F7F758BF70B500260C4D0D4C641BA4100C
:10C00000A64209D100F080F800260A4D0A4C641BB4
:10C01000A410A64205D170BD55F8043B98470136DF
:10C02000EEE755F8043B98470136F2E7F0CD0008FB
:10C03000F0CD0008F0CD000830CE0008034611F81E
:10C04000012B03F8012B002AF9D170470A449142D1
:10C0500000F1FF3300D1704710B511F8014B914248
:10C0600003F8014FF9D110BD38B50546002940D07D
:10C0700051F8043C0C1F002BB8BFE418F9F716FB6D
:10C080001C4A136833B9636014602846BDE8384021
:10C09000F9F71ABBA34208D9206821188B4201BFC7
:10C0A00019685B6809182160EDE71A465B680BB1F7
:10C0B000A342FAD911685018A0420BD1206801445C
:10C0C000501883421160E0D118685B680844106022
:10C0D0005360DAE702D90C232B60D6E720682118D9
:10C0E0008B4201BF19685B68091821606360546066
:10C0F000CBE738BD080D002051F8043C181F002B79
:10C10000BCBF0B58C0187047F8B500BFF8BC08BCDE
:10C110009E467047F8B500BFF8BC08BC9E46704705
:10C12000ABCDEF12345601005E00000004000000A9
:10C1300000300140120200000F00000000300140FA
:10C14000120100001C000000003800401200000036
:10C15000FFFFFFFF000000000000000005000000DE
:10C1600000300140120200001300000000300140C6
:10C17000120100001D000000003800401200000005
:10C18000FFFFFFFF000000000000000006000000AD
:10C190000030014012020000140000000030014095
:10C1A000120100001E0000000038004012000000D4
:10C1B000FFFFFFFF0000000000000000070000007C
:10C1C0000030014012020000150000000030014064
:10C1D000120100001F0000000038004012000000A3
:10C1E000FFFFFFFF00000000000000000000000053
:10C1F00000440040120000000B0000000038014025
:10C20000120000001D00000000480040120B00005A
:10C210001D01000000480040120A0000FFFFFFFF60
:10C220000000000000000000010000000044004089
:10C23000120800000C00000000380140120000004D
:10C240001E00000000480040120000001E01000017
:10C2500000480040120A0000FFFFFFFF000000003E
:10C26000000000000300000000440040100800002F
:10C270000A0000000038014010060000170000000E
:10C2800000380140100500001B000000004800407D
:10C2900010000000FFFFFFFF000000000000000092
:10C2A00002000000004400401208000009000000E5
:10C2B000003801401206000016000000003801405E
:10C2C000120500001A0000000048004012000000A3
:10C2D000FFFFFFFF00000000000000000000000062
:10C2E000000000401280000000010000000000403B
:10C2F0001290000001000000000000401212010036
:10C3000001010000000000401210010002000000C6
:10C3100000000040129201000201000000000040F5
:10C320001291010003000000000000401212020000
:10C33000030100000000004012110200060000008E
:10C34000000400401295000007000000002C01408E
:10C35000128D1000070100000004004012150100BA
:10C3600008000000002C0140128E000008010000AF
:10C37000002C0140128D000009000000002C01403B
:10C38000120E010009010000002C0140120D0100F5
:10C390000A000000002C0140128E01000A0100007A
:10C3A000002C0140128D01000B000000002C014008
:10C3B000120E02000B010000002C0140120D0200C1
:10C3C0000F00000000000040129100000F0100006B
:10C3D00000000040128F000010000000002C0140FF
:10C3E000120D110010010000000400401295010020
:10C3F000100200000004004012940100110000002F
:10C40000002C0140128D11001101000000040040B9
:10C410001215020011020000000400401214020074
:10C420001300000000000040121101001301000081
:10C4300000000040120F0100140000000004004042
:10C4400012940000150000000004004012140100C6
:10C4500016000000000800401297000017000000BE
:10C4600000080040121701001800000000080040FA
:10C470001297010019000000000800401217020086
:10C480001A00000000000040129001001A01000094
:10C4900000000040128F01001B000000000000405F
:10C4A000121002001B01000000000040120F0200E9
:10C4B0001D000000002C0140128E10001E00000024
:10C4C000002C0140120E11001F000000002C014042
:10C4D000128E1100FFFFFFFF0000000000000000AF
:10C4E00016000000005400400A040000180000007C
:10C4F000005400400A0300001A00000000580040E9
:10C500000A000000FFFFFFFF000000000000000025
:10C5100017000000005400400A0400001900000049
:10C52000005400400A0300001B00000000580040B7
:10C530000A000000FFFFFFFF0000000000000000F5
:10C5400000000000010000000200000003000000E5
:10C5500004000000050000000600000007000000C5
:10C5600010000000110000000000000001000000A9
:10C5700002000000030000000400000005000000AD
:10C58000060000000700000008000000090000008D
:10C590000A0000000B0000000C0000000D0000006D
:10C5A0000E0000000F00000010000000110000004D
:10C5B000120000001300000014000000150000002D
:10C5C000160000001700000018000000190000000D
:10C5D0001A0000001B0000001C0000001D000000ED
:10C5E0001E0000001F0000002D0000002E000000B3
:10C5F0002F000000300000003100000001020203A3
:10C600000405060708090A0B0C0D0E0F1010000098
:10C6100001010000020200000404000008080000FC
:10C62000101000002020000040400000808000002A
:10C6300001000104020002040400040408000804CC
:10C6400010001004200020044000400480008004FA
:10C6500000000000010203040000000000000000D0
:10C66000010203040607080949444C4500546D7251
:10C670005100546D722053766300536176696E6782
:10C6800020706172616D6574657200506172616DD8
:10C69000657465722053617665643A004144533194
:10C6A00031313520496E69742073746172743A00B7
:10C6B0004144533131313520496E697420466169F6
:10C6C0006C65642C54727920616761696E21004148
:10C6D00044533131313520496E6974204661696CAB
:10C6E00065642C45786974210041445331313135FA
:10C6F00020496E6974204F4B005B41495D20726197
:10C7000077303D0020726177313D00207C20484D1C
:10C710003D0056204B4D3D0056207C2067656172E0
:10C720003D00496E697469616C697A696E67207051
:10C730006172616D65746572004D6F6462757354EA
:10C740004350207461736B2073746172746564006C
:10C750004D6F64627573525455207461736B20730E
:10C7600074617274656400585F66696C74657220E8
:10C770007461736B207374617274656400576174C3
:10C780006368646F67205461736B207374617274A3
:10C79000656400535953434C4B536F757263653A4C
:10C7A00000436C6F636B20547970653A00414842D6
:10C7B000434C4B446976696465723A00415042319A
:10C7C000434C4B446976696465723A004150423289
:10C7D000434C4B446976696465723A004C53455347
:10C7E000746174653A0048534553746174653A0046
:10C7F000504C4C2E504C4C4D554C3A00504C4C2EFD
:10C80000504C4C536F757263653A00504C4C2E502F
:10C810004C4C53746174653A00436C6F636B3A001F
:10C820004D435520494420303A004D43552049445A
:10C8300020313A004D435520494420323A004D61A1
:10C84000696E207461736B20737461727465640027
:10C85000506172616D657465722053617665466CD6
:10C8600061673A0049443A004261756452617465F7
:10C870003A0049503A00506F72743A004D61633A81
:10C8800000200053797374656D2056657273696F6B
:10C890006E3A0052656D6F746520494F205379736D
:10C8A00074656D2053746172742E2E2E004C6F616E
:10C8B00064696E6720706172616D657465720045B0
:10C8C0004550524F4D2076657273696F6E206D69C9
:10C8D000736D617463682C207265696E69742E2EA5
:10C8E0002E00506172616D65746572206C6F6164B9
:10C8F0006564EFBC9A004750494F5F496E6974699F
:10C900007A696E67004750494F5F496E6974697A6A
:10C910006564004D6F6462757352545520696E6989
:10C920007469616C697A696E67004D6F64627573D2
:10C9300052545520696E697469616C697A65640046
:10C940004D6F6462757354435020696E69746961F8
:10C950006C697A696E67004D6F64627573544350F9
:10C9600020696E697469616C697A656400536574E5
:10C97000757020496E697420537563636573730025
:10C980004372656174655461736B4D6574686F645F
:10C9900073005761746368646F675461736B005709
:10C9A00061746368646F67207461736B2063726580
:10C9B000617465642E00585F66696C746572004925
:10C9C0006E7075742066696C746572207461736B27
:10C9D00020637265617465642E004D6F64627573C7
:10C9E000525455536576696365004D6F6462757383
:10C9F000525455207461736B206372656174656471
:10CA00002E004D6F646275735443505461736B0014
:10CA10004D6F64627573544350207461736B20636F
:10CA20007265617465642E004949435461736B00FB
:10CA3000494943207461736B206372656174656456
:10CA40002E004D61696E5461736B004D61696E54C7
:10CA500061736B20637265617465642E00416C6C58
:10CA6000205461736B204372656174652053756354
:10CA70006365737300000000010000000100010104
:10CA80000000000101000100010101010100C0C11D
:10CA900001C30302C2C60607C705C5C404CC0C0DFA
:10CAA000CD0FCFCE0E0ACACB0BC90908C8D81819AA
:10CAB000D91BDBDA1A1EDEDF1FDD1D1CDC14D4D50A
:10CAC00015D71716D6D21213D311D1D010F030319A
:10CAD000F133F3F23236F6F737F53534F43CFCFD3A
:10CAE0003DFF3F3EFEFA3A3BFB39F9F83828E8E9CA
:10CAF00029EB2B2AEAEE2E2FEF2DEDEC2CE424254A
:10CB0000E527E7E62622E2E323E12120E0A06061B9
:10CB1000A163A3A26266A6A767A56564A46CACAD79
:10CB20006DAF6F6EAEAA6A6BAB69A9A86878B8B929
:10CB300079BB7B7ABABE7E7FBF7DBDBC7CB4747589
:10CB4000B577B7B67672B2B373B17170B0509091D9
:10CB5000519353529296565797559594549C5C5DB9
:10CB60009D5F9F9E5E5A9A9B5B9959589888484949
:10CB7000894B8B8A4A4E8E8F4F8D4D4C8C448485C9
:10CB80004587474686824243834181804000C18178
:10CB90004001C0804101C0804100C1814001C0808E
:10CBA0004100C1814000C1814001C0804101C0807D
:10CBB0004100C1814000C1814001C0804100C1816C
:10CBC0004001C0804101C0804100C1814001C0805E
:10CBD0004100C1814000C1814001C0804100C1814C
:10CBE0004001C0804101C0804100C1814000C1813D
:10CBF0004001C0804101C0804100C1814001C0802E
:10CC00004100C1814000C1814001C0804101C0801C
:10CC10004100C1814000C1814001C0804100C1810B
:10CC20004001C0804101C0804100C1814000C181FC
:10CC30004001C0804101C0804100C1814001C080ED
:10CC40004100C1814000C1814001C0804100C181DB
:10CC50004001C0804101C0804100C1814001C080CD
:10CC60004100C1814000C1814001C0804101C080BC
:10CC70004100C1814000C1814001C0804100C181AB
:10CC80004001C0804101C0804100C18140000000DE
:10CC900000000000000000008B7F0008CD7F00082E
:10CCA0006D7D00082B810008717D0008797D0008EA
:10CCB000937D00085B9200087D9200080600070043
:10CCC000080000000000000000000000938B000836
:10CCD000418C0008778B00089F8E00084D8B000860
:10CCE000999000085D8B00085B9200087D92000817
:10CCF0000000000000000000DD9000080D0A0000A8
:10CD00000000000000000000519C0008579E000831
:10CD1000219E0008339E0008759E0008979E00081B
:10CD2000B79E00085B9200087D920008899D00086C
:10CD3000C19C0008879E00084D9D0008819C00084A
:10CD4000279C0008259C0008D99E0008339C0008F9
:10CD5000399C0008699C00083D9C0008B59F0008AC
:10CD6000099F0008619F00084D9C0008000000001A
:10CD70000000000025A000086DA100086D7D0008DE
:10CD8000679100083DA000086DA0000800000000A9
:10CD90000000000019A200080FA300086D7D000824
:10CDA00031A2000815A2000829A3000881A30008E9
:10CDB0005B9200087D9200084BA200089DA300082A
:10CDC00033A20008F1A2000879A2000803A300081A
:10CDD000DDA3000857A30008F5A10008FDA1000885
:08CDE0000DA2000811A20008D9
:08CDE8004439FF7F0100000047
:10CDF0006F95000861070008513300089974000816
:10CE0000B17A0008BD820008C9900008019C0008A2
:10CE100009A00008D9A100082DA4000805AF00084A
:10CE2000E5B3000801B400086DB400088DB900082E
:0CCE30003D07000829340008CD820008EE
:10CE3C00010000001000000000080140000C01403F
:10CE4C000010014000140140001801400030024065
:10CE5C000000000000127A00480E0020AAAAAAAA1C
:10CE6C00FF0000C0C40000003C00002000000000D7
:10CE7C000C0D0020740D0020DC0D002000000000C3
:10CE8C000000000000000000000000000000000096
:10CE9C000000000000000000000000000000000086
:10CEAC000000000000000000000000000000000076
:08CEBC0000000000000000006E
:04000005080095C991
:00000001FF
